id,predicted
1543972437713169913,0.02630374391266867
1710552057351883447,0
97075525,0.9010232398906503
83734823,0.46424085816163274
56722823,0
103823601,0.8482777503221511
1159028243437550345,0.29384472463647954
92485765,0.02630374391266867
11142401,0.7014642183275577
1189875082289533291,0
1544820103115167001,0.8137382707630898
26331127,0.12828620239716093
58383089,0.9010232398906503
64762469,0
100902043,0.7324590192761892
103130147,0.5685856572853945
94352581,0.7493009902128014
1849015146225985937,0.03453947955906132
91307779,0.15995798532424155
53591385,0.6412586734820754
84071033,0.5023743947992525
99484949,0.8058090174513193
97864023,1
31809543,0.07267301619668105
1519081708190436577,0.5340461777263331
59771473,0.9917642643536073
1310888620900225001,0.9654605204409387
23054201,1
37470529,0
1212015341587401973,0.9917642643536073
1416316577707248089,0
101832245,0.7795052735386506
68246995,0.8268827240927379
1756465820043819145,0.861115721317177
27426879,0.46308612564168616
2091222630723307823,0.8186469884463452
9573817,0.6028186545098336
2080092449182118981,0.5291374600430777
1251141566962475639,0.43632306039786095
1783888279582231987,0.3501350912277049
1826476019772171597,0.40574827742818476
1249362949252967849,0.6287912021308766
2051191513927827615,0
2039399745194706101,0.7798364698302763
1893195000066736959,0
1567628852321220807,0.6761686526849637
64621205,0
91938145,0.6761686526849637
96597395,0.6018104762397588
1814888626208593037,0.13064854303643034
1826976599154564213,0
51966579,0.35837082687409755
85515737,0.21192779452333102
47186163,0.38232392804848425
2036309142044769915,0.4893898695543549
20905161,0.11258053477015433
73129985,0.7535327259176077
95100725,0.008235735646392654
2084288255146553483,0.8531864680054065
58742447,0.08191693011314853
1886695825137020915,0.9273269838033189
1417185346384554545,0
1885356732428994819,0.7331360012546383
2007144270243278011,1
81007151,0.9736962560873313
1723114065324985943,0.9010232398906503
60731401,0.6416291731259024
1192486882099402455,0.3905596636948769
1946030187369504173,0.6067191939230142
29223797,0.9263188055332441
59323959,0.17802599359051755
50372867,0.17701781532044272
1810106570479888653,0.02630374391266867
1885461012383046433,0
66101273,0.4976256052007475
14529759,0.8147464490331646
1250766577006766723,0.8874194652298457
106518741,0.6754916707065146
72400835,0.7488416688816448
1409701429620698123,0.5369138743583138
70424751,0.7805134518087254
1363166573484625613,0.10721249575574239
18904713,0.6149549295694068
1797087576353554885,0.5023743947992525
1197187293004134771,0.4152493537564424
1674239116434375591,0.7535327259176077
57836425,0
59764833,0.2326310015209226
105539499,0.02630374391266867
1597300897135600549,0.46308612564168616
32003851,0.8717137976028391
1256666296163762689,0.2506990097871986
106439181,0.3794445335155161
74111879,0.138884278682823
69733421,0.9736962560873313
2060842575246177695,0.36651774083316063
1280917146159393243,0.48130068815783394
2030632608934523157,0.38232392804848425
2059671940655431503,0.2985357816724424
1602033196615588423,0.15504926764098614
40073513,0.8799495332492318
102556467,0.18135301155365482
2083975193212643343,0.04737745055408721
1522421588098514519,0.07267301619668105
68672989,0
1463284044785406063,0
78126675,0.13064854303643034
93211405,0.41435451271840434
1685759651858937845,0
1543689154732856719,0.5291374600430777
1949625833889070187,0.8531864680054065
30992181,0.40574827742818476
108514015,0.8454100536901704
92100893,0.649187926793846
1802687560320534947,0.2928365463664047
61511661,1
1810057176290931265,0.7493009902128014
1883882827665434287,0.10434479912376167
9264897,0
30292517,0.7225379249689762
64766487,0.2846008107200121
1267959648744210427,0.9180830698868515
74639847,1
77333199,0.02630374391266867
1127811022098867383,0.9273269838033189
1941956713402032851,0.5450030557548348
95752595,1
102565765,0.008235735646392654
3545927,0.9654605204409387
2017335407613016505,1
31286645,0.6597860030795081
1882804844215713467,0
2026440676828129453,0.24646727408239233
1687435862077556231,0.17701781532044272
40759097,0.02630374391266867
108776543,0.10434479912376167
102343117,0.6498649087722951
88902571,0.5554412039557464
70992947,0.9917642643536073
72472045,0.45771808662727426
84703449,0.18135301155365482
1888356921532606875,0.12828620239716093
1869866970779058007,0.34257633755976136
1947384934581191451,0
64250835,0.2928365463664047
26987613,0.7249002656082456
57832007,0.9443868137995202
38273069,0.8454100536901704
1826297740950413851,0.14635421066343693
100891001,0
1913633247537403995,0.9917642643536073
2031868563240211973,0.518699311842166
76702739,0.39818952376024125
1381220178282429117,0.5286781387119212
1218419600766351583,0.10434479912376167
83769527,1
1593732730829748537,0.2382315384359997
30684045,0
45666757,0
90519443,0.20242671819507335
61511227,0.7722777161623328
19990317,0.17311727590726217
17378941,0
1266448747285594425,0.38995378811384857
2049752518423791487,0
1595707497828740245,0.4632326798915579
12307225,0
1739136211315838159,0.3712087978691234
1429341909907700621,0.008235735646392654
30840329,0
1843527752390772173,0.4893898695543549
1898394566311169215,0.39328080607698584
1729251318054512133,0.788442705120496
1855350226467223747,0.8482777503221511
102258339,0.3712087978691234
40613349,0.7459739722496641
1616134523646442467,0.3014034783044231
58432359,0.9526225494459128
41295637,0.04737745055408721
41802615,0
103130659,0
5431507,0.5373731956894704
33261443,0
1532815829390526679,0.6176760719515157
17872769,0
18119269,0.7795052735386506
1197109770594456017,0.6094403363051231
103420943,0.15458994630982958
77555225,0.3402139969204919
105008639,0
30297983,0.5603499216390018
97657475,0
95718025,0
93675945,0
1726364764144508565,0.9654605204409387
85866829,0.4297013786025714
1567908525416967337,0.3794445335155161
1695173047908041003,0.9273269838033189
1652404511000476369,0.008235735646392654
1978112037167473199,0.788072205476669
1178765098594784907,0.9443868137995202
61637927,0
1300219371826039627,0.6574236624402386
2000301932531909807,0.008235735646392654
1704643128034088449,0
1154686488398236669,0
1180106653144306711,0.6680217387259008
96795843,0
66498483,0.5133312728277541
1553890230698853325,0.8693514569635696
1147512302207034771,0.35837082687409755
99260949,0.21155729487950406
9134993,1
1192866655635793875,0.2774620750310238
88228801,0
1184076800967758583,1
1544045718927607473,0.9736962560873313
95712805,0.6363499557988201
1887552165081211093,0
1961334879301341531,0.8454100536901704
2078550379946260633,0.17311727590726217
1372514672522627087,0.8186469884463452
106725087,0.8186469884463452
80942779,0.8147464490331646
1500043649199360235,1
102421931,0.9917642643536073
98108711,0.6330229378356829
1343685059533531643,0.5856454872815956
16679857,0.44065825663107305
1245982524539318347,0.35828200518676795
97993305,0.3636500442011799
1448447050861823159,0
2083139285596934635,0.4866687271722459
11993761,0
1905904207588909073,0.22049472646134938
1926468285383356993,0.1468135319945935
2021522357990265053,0.8693514569635696
69249487,0.14635421066343693
1411619630324211097,0.8927875042442576
1362122707053382357,0
1679543185156914131,0.8454100536901704
50030917,0.6837274063529073
1773537336520195111,0.02630374391266867
13177239,0.10434479912376167
11152257,0.2326310015209226
1901980483184365705,0.46308612564168616
23274351,0.7795052735386506
20022457,0
26161407,1
1576629581904963721,0.03453947955906132
1823469695159611255,0.008235735646392654
59409441,0.46424085816163274
96606551,0.29384472463647954
1494736677972823935,1
1826982086057625401,0.6028186545098336
68468185,0.44065825663107305
12960767,0.49490446281863854
1397035654055494735,1
1911511945737343235,0.6176760719515157
1532113211884677943,0.15458994630982958
25616591,0.1468135319945935
1332759962074578631,0.9736962560873313
1837698347531376179,0.8229821846795573
80059425,0
1939517076973425183,0.8219740064094825
88426201,0.04737745055408721
1644830999230860533,0
92982639,0.9273269838033189
1727637892349283777,0.6751604744148889
379519,0.48953642380422663
1170022248366062169,0.17701781532044272
59884671,0.8186469884463452
1262597610701301887,0.02630374391266867
1253298897877985863,0.39751254178179213
1829280695982419259,0.7143910110099131
59802655,0.38232392804848425
1576244986229371405,0.15504926764098614
1916539189553449329,0.6149549295694068
1482321643118414473,0.08090875184307371
1285333227479510313,0.8956552008762383
101083263,0.9654605204409387
1380885935638247391,0
1880108650922378411,0.8449507323590139
78003317,0
1470698105916972197,0.3330752612315037
97734995,1
48021421,0.8693514569635696
1554798048344779685,0.8147464490331646
1976156681557892341,0
1761408902989768473,0
54743057,0
1698710272199627885,0
1962121995892495835,0.9273269838033189
2087622214183702795,0.5050955371813615
1369865821160246059,0.07267301619668105
1400141941088928001,0.3587413265179245
2064122999778313711,0.8956552008762383
1889740828989316371,1
1416321603918735915,0.008235735646392654
99975845,0.8229821846795573
101388983,0.39328080607698584
1884608692460097005,0.38504507043059316
1107162730360313835,1
7484903,0.02630374391266867
1913345251115680129,0
57128855,0.4297013786025714
107503935,0.5106101304456452
1506282658775757635,0.008235735646392654
1124892254063034407,0.1468135319945935
1929268657423493309,0.77560473412547
1963681597594211637,0.9443868137995202
36652247,0.1941909825486807
72219169,0.22049472646134938
2050458552673727517,0.2856089889900869
1319290661355931705,0.9190912481569263
2091300819520761219,0
23465491,0.008235735646392654
97467923,0.32483952558511103
1755123283781995239,0.5450030557548348
62422557,0.04737745055408721
97397397,0.2326310015209226
1237794213918192885,0.17311727590726217
2015016496992233359,0
1469814504615012897,0.25115833111835517
1560863153943917865,0.8268827240927379
2085560302520178941,0
2036333745961549733,0
1715839663547061869,0
1460673562862964205,1
68294317,0.3501350912277049
2021977628727988093,0.8956552008762383
1205508339309457271,0.9263188055332441
1848364046406084269,0.9917642643536073
50384363,0.055613186200479864
51722401,0.8531864680054065
53427709,0
66726089,0
34765859,0
1658026891547124829,0.17802599359051755
1961266260039951165,1
1469742376143629917,0
1773953,1
92564103,0.8693514569635696
75060803,0.38232392804848425
50128907,0.7068322573419695
81556481,0.8186469884463452
14721339,0.788442705120496
56305243,0.4379371142489641
2050453117129988501,0.008235735646392654
1465479904552858371,0.4708625399569223
13934861,1
99134617,0.9917642643536073
42976329,0.43242252098468037
1936786043207979241,0.9526225494459128
1923282279498473869,0.46424085816163274
1270958731531094937,0
1482849449846810673,0.9443868137995202
1998488022940675517,0.22873046210774203
1379735480286332191,0.39328080607698584
13426379,0.6330229378356829
79306609,0.8874194652298457
1543666286505696671,0.2750997343917544
14740367,0.6067191939230142
43442399,0
2089168402158388599,0.10434479912376167
60793557,0.7488416688816448
63554981,0
77081249,1
26976059,0.055613186200479864
2069976449864921121,0.5367673201084421
1911517755012310801,0.6498649087722951
1762387574819397409,0.21948654819127456
1197504137536824043,1
38527425,0.36651774083316063
38088985,0.3669770621643172
1588538254230559559,0.12005046675076826
99190803,0.5450030557548348
90849125,0.2033215592331114
107701685,0.32450832929348533
105546681,0
1921611713224932097,1
103122013,0.008235735646392654
70119945,0.6416291731259024
1186875210373139693,0.8799495332492318
1597342592393696637,1
78210435,0
50465225,0
1888248623781643581,0
76180707,0.1941909825486807
24668647,0.9917642643536073
102425309,0.24646727408239233
1989857231223723255,0.3330752612315037
53983475,0.5675774790153196
45973085,0.7722777161623328
1776825925143000091,0.6412586734820754
1656696830639432363,0.25893474543359124
17906637,0.4708625399569223
1967849621317998815,0.8454100536901704
2048058525064153647,0
1908581730842913907,0.7712695378922579
104084961,0.6205554664844839
65148971,0
2052075771395229809,0.9736962560873313
1875952200841583763,0.8147464490331646
1165843335811344369,0.7225379249689762
49242265,0.6176760719515157
1233135587885737585,0.7153991892799879
90970655,1
30021445,0
107024527,0.5856454872815956
1783147406880952725,0.7712695378922579
105329413,1
104515905,0.40574827742818476
1694213690945612943,0.7153991892799879
1107155378248413589,0.9190912481569263
1578215023708554097,0.6808597097209266
1211703889168440847,0.07267301619668105
101355075,0.4866687271722459
1704245411433214699,0.25115833111835517
1341800572565092989,0
45654439,0.36651774083316063
13725969,0.4632326798915579
1322670611189027615,0.9273269838033189
3108743,0.03453947955906132
1620233367347234317,0.5373731956894704
1349568258313907083,0.8229821846795573
51001231,0.25893474543359124
1996057829971638163,0.17701781532044272
1340437613903998099,0.6018104762397588
1752920738414523251,0.3319782612740993
1330623046940826707,0
1316990262878514963,0
1313211910955631061,0.07267301619668105
1985631444208472629,0.25893474543359124
41894343,0.18525355096683538
75142607,0
88945687,1
1800546169959181631,0.9180830698868515
2059582488896213881,0.3238313473150362
1623239742094369067,0.8482777503221511
1393413684065025743,0.9526225494459128
32976677,0.32483952558511103
1640353803466166515,0.38232392804848425
2046952125333336647,0.5942517225718152
1372280748409441447,0.7225379249689762
24536575,0
33432163,0
97222823,0.3501350912277049
68448751,0.8268827240927379
48973313,0.2985357816724424
1891781299784710675,0
1847600385072536175,0.6024874582182079
2037483310834978407,0.6363499557988201
1794730306995345583,0
40024607,0.6067191939230142
95096349,0.7712695378922579
1929409320993753437,0.6110543901562262
1252385048746296813,0.8956552008762383
1890514501157017655,0.7712695378922579
1810108687284469253,0
1817639294312787445,0
58241399,0.7153991892799879
1962368598545965725,0.43141434271460555
68644901,1
31542949,0
84696471,0.9917642643536073
1950600828319279125,0.7153991892799879
16197751,0.9190912481569263
47366251,0.10434479912376167
82600753,0.9917642643536073
1465411572107687219,0.1468135319945935
90736843,0.7617684615640004
9461471,0.7795052735386506
86828199,0
104111797,0.6679329170385712
106332859,0.641717994813232
104048385,0.3669770621643172
35662027,0
96001589,0.7535327259176077
1169714239161670111,0.8799495332492318
24897673,0.3330752612315037
103462905,0.6574236624402386
100533379,0.9190912481569263
31489805,0
1657898464264551267,0.45771808662727426
76262025,0
1779419878585071567,0.7153991892799879
69891087,0.21948654819127456
1447844326564007511,0.6761686526849637
1814529086056695915,0.7143021893225835
1399855515036455983,0.9736962560873313
104518499,0.9263188055332441
1960781226116243829,0.7795052735386506
1323008496314942999,0.6024874582182079
43719893,0.2774620750310238
2922779,0.3794445335155161
69245433,1
92833615,0
1553440427563476941,0.7795052735386506
1656835720680360151,0.5450030557548348
1665413251226181513,0.9917642643536073
15978791,0.35081207320615404
97909611,0.21155729487950406
43211801,0.1468135319945935
1145157575599050183,1
106993667,0.1941909825486807
2040525004163224915,0.6094403363051231
1133305407174290387,0.25893474543359124
1923508053593405065,0
88413179,0.6761686526849637
1250835807337726817,0
1886762930853175397,0.5286781387119212
2082541169353101257,0.7225379249689762
69429321,0.5685856572853945
2050455254123229439,0.25893474543359124
1479138669495161701,0
2081413632172269999,0
103822457,0.3501350912277049
73617347,0.3014034783044231
1120829381923722525,0.008235735646392654
1720390999250946747,0.6416291731259024
51841439,0.2506990097871986
92971049,0
1562132085471474607,0
96559843,0.11258053477015433
16547279,1
92935635,0
1247876500740013687,0.21192779452333102
54616417,0.2540260277503359
1585081578316885159,0.9654605204409387
72470997,0.9917642643536073
1504756196723651173,0.46424085816163274
2028080864879689739,0.7225379249689762
1230101817040642139,0.8186469884463452
94668747,0.08090875184307371
84469631,0.9180830698868515
30433687,0.8137382707630898
85903457,0
1763516964774211769,0.13064854303643034
83610211,0.3162725936470927
48478043,0.5450030557548348
1833039394431549411,0.38232392804848425
1707221481049698103,0.15458994630982958
1812175181742403523,0.8956552008762383
58210715,0.3014034783044231
96495295,0.40574827742818476
1757786942422278197,0.43632306039786095
80627419,0.9736962560873313
69068757,0.22873046210774203
2050452911597164265,0.07267301619668105
55277439,0.8799495332492318
96457015,0.40574827742818476
2036707387939298359,0
1781694108105019331,0
73545059,0.9180830698868515
1343286477605867869,0.8449507323590139
82092915,0
1839404156952206255,0.2033215592331114
2015123403769023111,0.9736962560873313
1549235826489697197,0.5133312728277541
1775842396873830725,0.788072205476669
102901071,0.9736962560873313
1913262345665060391,0.3712087978691234
66334529,0.8927875042442576
1484096192101149355,0.44065825663107305
93840681,0.08090875184307371
72703711,0
71891139,0.2326310015209226
2017276363161817141,0
96234703,0.8693514569635696
47006397,0.25893474543359124
74547747,0.21192779452333102
1673564388131444431,0.41686340760754553
1332766957497319947,0.5620628857510359
1971666164259999649,0.8956552008762383
1267054947065003427,0.07267301619668105
22952055,0.9273269838033189
65630759,0.9263188055332441
1595724549293844819,0.4152493537564424
1298289407951679543,0
103152185,0.8186469884463452
1988690939518312001,0.576514910597165
1645443907640593785,0.04737745055408721
80403115,1
101133139,0.576514910597165
2016348705552369239,0.3330752612315037
102577369,0.7975732818049266
76417929,0.15458994630982958
40363783,0.21192779452333102
1363618027033296879,0.8693514569635696
1289461002513936691,0.9917642643536073
1932297609689065167,0.6761686526849637
69864159,0.25115833111835517
101744119,0.10434479912376167
26747871,0.9917642643536073
51088115,0
1901946899606647705,0.8219740064094825
44793929,0.5340461777263331
62306781,0.8874194652298457
105837123,0.35828200518676795
1859710555794539205,0.8799495332492318
58105099,0.8956552008762383
1704250717524594535,0.788072205476669
80838815,0.6176760719515157
1544044085635367239,0.26686399874536176
68277999,0.5422819133727258
104965559,0.6287912021308766
2036730905481168405,0.7535327259176077
1369208531436105535,0.7459739722496641
1731774928080056207,0.6679329170385712
45541435,0.13064854303643034
1927704588878100315,0.35837082687409755
1439613570567023841,0.008235735646392654
105532263,0
1757800896124305007,0
28170521,0
1423526565167790771,0
63756319,0
82783825,0.9263188055332441
37375661,0.8717137976028391
1603490141207613199,0.44455879604425363
104671541,0
38908673,0.4708625399569223
1847430735884578547,0.03453947955906132
1195566197683742755,0.9654605204409387
50370889,0.1941909825486807
99467373,0.38995378811384857
14779169,0.6205554664844839
1771575178377809383,0.38232392804848425
89133431,0.8229821846795573
1598943463170062611,0
1775299052058413313,0.8454100536901704
1431575093559040081,0.2856978106774165
46152053,0.18525355096683538
62390059,0.10721249575574239
49833225,0.2506990097871986
39345607,0.07267301619668105
1826981103059882705,0.6024874582182079
108322555,0.3587413265179245
1130601711536179833,0.5450030557548348
2009312503101020359,0
1244480196720949251,1
107084323,0.7410652545664087
1433081125824950901,0.9263188055332441
37017925,0.04737745055408721
25087363,0.4086276719611529
1472229099942710325,0
1127792101840311319,0
57728481,0
1607149618752594489,0.4632326798915579
97424005,0
1362460373625061663,0.07368119446675588
1826988210768403021,0.6176760719515157
1950814321265682087,0.641717994813232
2017409398466135421,0.5702986213974286
1103423764056670355,0.77560473412547
65453959,0.03453947955906132
1314896932807523179,0.7712695378922579
54260725,0.6574236624402386
1804754132471234913,0
1452629,0
1678515883076905993,0.4708625399569223
11075241,0.8482777503221511
103100649,0
1276017301020969979,0.9736962560873313
1644705722557309375,0.4659538222736669
69296279,0.5450030557548348
1919142675350267183,0.29384472463647954
1764116811647801539,0.4297013786025714
1760999442623263107,0
1994307432693742917,0.7542097078960568
1820148057141311639,1
1848371498246524417,0.7966784407668887
1401513763144246165,0.9273269838033189
1682941692450952335,0.6176760719515157
84791067,0
1634595618098630289,0
1859514550026115867,0
8486495,0.5133312728277541
108170387,0.641717994813232
1439169571582414513,0.02630374391266867
97728009,0.77560473412547
1176455666015273951,0.9917642643536073
1454545453394477063,1
1525612018898375783,0.9263188055332441
1280068285920955173,0.2326310015209226
95782597,0.17802599359051755
70841483,0
1571039615644184481,0.8268827240927379
40152275,0.9526225494459128
1176900642822020333,0.5913723280388471
96932625,0.9443868137995202
104416051,0.9917642643536073
52857413,0
100538121,0.10721249575574239
12976169,0.9654605204409387
1469425010680190743,1
106940389,0
41301027,0.6680217387259008
2039447062699252037,0.40574827742818476
93283183,0.4893898695543549
71460137,0.9273269838033189
1658054956322253759,0.6018104762397588
38493769,0.04737745055408721
105774445,0.6067191939230142
1912010027570137611,0.4976256052007475
1958234375582392951,0.38232392804848425
1429285749922707153,0.49490446281863854
1363616587357372241,0.2846008107200121
1510313051113221365,0
108169349,0.12005046675076826
1090026504924117115,0.8927875042442576
86973071,0
1134781700827923713,0.48130068815783394
1242472631306949305,0.39818952376024125
2052059846156494593,0.2774620750310238
97810903,0.6334822591668394
1433075781802532567,0.07368119446675588
1233108543213007853,0
1704563714061584155,1
51024331,0.9273269838033189
1400125850851960301,0.21192779452333102
91624953,0.5702986213974286
73105283,0
43392805,0.43141434271460555
1967875656212880261,0.8058090174513193
1602623734975011019,0
1316348086013616261,0.6761686526849637
106136649,0
1864990256028146391,0.25115833111835517
10371457,0.3905596636948769
105448469,0.09897676010934973
1172992081824080721,0
1907012814811042827,0
1826980561628277397,0.7673689984790774
1530757798639659367,0.6498649087722951
31516989,0.5050955371813615
1125794795583927271,0.9526225494459128
1298247088643907481,0.26686399874536176
1967671139469342675,0
83512613,0.9654605204409387
1178047417873673639,0.9263188055332441
1594733337613384095,0.008235735646392654
68086037,0.5675774790153196
1252634549489497437,0.7406059332352521
1905609884283576149,0.6669247387684963
1238882018639868423,0.46308612564168616
49730621,0.7975732818049266
87001197,0
85841509,0
1665539629133480377,0.3712087978691234
1199710237607637507,0.02630374391266867
105922771,0.1862617292369102
72472695,0
64096421,0.7617684615640004
26154517,0.6094403363051231
50467473,0.8531864680054065
98511783,1
2091489142384233619,0.4893898695543549
51617543,0.6363499557988201
1916353781075383371,0.35081207320615404
83070859,0
88270037,0.788072205476669
81238775,0.8449507323590139
71853421,0.1862617292369102
6535681,0.44065825663107305
1699889519683961439,0.6287912021308766
1904729557225013485,0.8956552008762383
73885359,0.40574827742818476
1950804666508339515,0.788442705120496
2087494419924529979,0.6412586734820754
1495404667999434031,0
1206056536415550019,0
77818157,0.38232392804848425
28394973,0.2774620750310238
45504419,0.7406947549225817
1646210434526934925,0
99177149,0.5357591418383673
1623074540934027453,0
1888196858428733887,0
104224547,0
1260973064804361213,0.07267301619668105
30022175,0.09897676010934973
1865089516698372639,0.6761686526849637
1708741821018501081,0
1940729760305372743,0.14635421066343693
1936639542735164759,0.788442705120496
108220865,0.6808597097209266
54979467,0.22016353016972368
108682693,0.5050955371813615
1513123032818693827,0.12005046675076826
75732197,0.07267301619668105
1656745226291931663,0.08090875184307371
13057811,0.2846008107200121
87797679,0.21192779452333102
80121467,0.7805134518087254
103563395,0.9273269838033189
99265943,0.6574236624402386
102425345,0
96269989,0.6176760719515157
74742205,0.5847506462435575
1562372128068226739,0.38232392804848425
13794033,0.09897676010934973
1185630042611904791,0.8147464490331646
1234501067863486097,0
55780503,0.7014642183275577
1341920355505317163,0.4893898695543549
78151189,0.2540260277503359
36690007,1
106990845,0.21155729487950406
2079724799247724073,0.4061187770720117
1681363023685173139,0.5050955371813615
83677387,0.7966784407668887
1565353662408671265,0.04737745055408721
1253309829322708427,0.576514910597165
1361654488723627453,0.15458994630982958
39888151,0.2033215592331114
1302868906395052187,0.7014642183275577
1460984955006428351,0.788072205476669
84071265,0.3162725936470927
83137141,0.9180830698868515
76261545,0.08090875184307371
45196501,0.12828620239716093
1817540016329032355,0.9526225494459128
88227111,0.5357591418383673
1614467343059318223,1
78218225,0.008235735646392654
62604919,0
1134750871048353599,0
49263543,0
1284424294468866547,0
35665413,0
2093511198368652361,0.07267301619668105
71156079,0.8536457893365631
1692644217480547283,0.44455879604425363
52469021,0
6617265,0.2506990097871986
73771045,0.4976256052007475
79011263,0.8874194652298457
36154285,0.7975732818049266
102482163,0
90970503,0.6412586734820754
100564845,0.25115833111835517
106046683,0.02630374391266867
95495337,0.6176760719515157
1259502626944307507,0.1941909825486807
1097212617046957195,0.1468135319945935
1297524440194459013,0.15458994630982958
1503568140013690919,0.4708625399569223
1882462388859604635,0.138884278682823
43105947,0.13064854303643034
66305069,1
75885199,0
1631146581389881169,0.24579029210394324
2088725127048962743,0.4379371142489641
1132304273896196405,0.6094403363051231
1347979299849490855,0.4708625399569223
108192859,0.8531864680054065
1231700111621129591,0.43632306039786095
1932183388833105109,0.4708625399569223
53511823,0.17802599359051755
1183081482818656135,0.5942517225718152
20201371,0
12130513,0.5450030557548348
11075243,0.02630374391266867
2072615092200259499,0
1493236316013063113,0.15504926764098614
65337407,0.07267301619668105
80982159,0.9654605204409387
1808752900330771591,0
1335897915368142231,0
2083988240695140815,0
96027459,0.8536457893365631
1821735927424694983,0.3238313473150362
1926663105946887225,0
1346577095029030445,0.649187926793846
106986115,0.40574827742818476
92982699,0.306771517318835
88252547,0.7805134518087254
72125915,0
2029081677958236345,0.2593052450774182
1601552845891516303,0.17701781532044272
1229305640895041447,1
1646087572084860147,0
1944083760363120747,0
107260207,0.07267301619668105
1818737286404029865,0.8454100536901704
1489766325281258039,0.22016353016972368
91728539,0
1481233856607263653,0.576514910597165
1660081316743889517,0
1371290694950450725,0.32450832929348533
1936503130485927613,0
87753953,0
1345222612885051655,0.02630374391266867
21994327,0.3320670829614289
92164499,0.7143910110099131
1886701377074096705,0.7617684615640004
1610611067720780075,0.7061552753635204
34139971,1
1124388664021043473,0
1773350136258005249,0
1687043767510622945,0
106454925,0.9263188055332441
1460591242740294309,0
4645,0.7014642183275577
44779413,0.1468135319945935
1697647009129507877,0
1966292452008987197,0.6412586734820754
104718183,0
1846611425070546039,0.9190912481569263
1806947079231610435,0.9917642643536073
1105700568070656885,0.2540260277503359
106958571,0.21192779452333102
1810124289920478609,0
1400438441695808515,1
1453034034418414269,0.1468135319945935
1686806932121258069,0
44796313,0
102056805,0.47132186128807885
1586988116917490601,0.9917642643536073
1825938334320500813,0.9917642643536073
96397475,0.9263188055332441
1347906511077392867,0.5913723280388471
83772309,0.6205554664844839
1310206153023479653,0.3162725936470927
76199007,0.6751604744148889
1653818822174779723,0.5373731956894704
1742590336061294639,0.9526225494459128
1391127349479789171,0.3191402902790734
92590205,0.6176760719515157
1429217929224959503,1
4207849,0.7153991892799879
38849497,0.15995798532424155
13986719,0
102235993,1
1299949887830317355,0.9180830698868515
1949457366368937135,0.5856454872815956
54260325,0.5603499216390018
1798584033815182731,1
46976797,0
96559731,0.7798364698302763
1937597304880142937,0.39751254178179213
97259965,0.22439526587452993
1333747683741356407,0.6110543901562262
1480809106739180107,0.7617684615640004
108232747,0.2593940667647478
25368203,0
59855329,0.25115833111835517
107182559,0
77350633,0
1298930946784068891,0.36651774083316063
1342484516129447849,1
100063681,1
51573831,0.6363499557988201
1624995503481597305,0
108676055,0.02630374391266867
1522143044846137527,0.48953642380422663
1129370858328648093,0.9010232398906503
1885441348916553679,0.9526225494459128
27945789,0.5367673201084421
414313,0.5050955371813615
77493709,0.698596521695577
1896771066133209763,0
46245061,0.77560473412547
32105435,0
1999980506270840857,0.6024874582182079
98483501,0
1656748258720625557,0.48702752891508544
2042653793154846559,0.6761686526849637
86716495,0
102926985,0.2382315384359997
1778585820019700853,0.9273269838033189
101741501,0
1184122832602455429,0.9917642643536073
1885653108750182563,0.11258053477015433
2050455354704860721,0.10434479912376167
84151971,0.38232392804848425
1505691162368442513,0.8717137976028391
42504947,0.9190912481569263
1911347263835712417,0
91905081,0
1272551364024264835,0.46424085816163274
1858191654759217605,0
98901009,0.35837082687409755
15812559,0.5369138743583138
2071718681821312443,0.11258053477015433
1191896587023322455,0
53784219,0.2856089889900869
1893124449256688197,0
59213453,0.12828620239716093
2017495986529931423,0.9917642643536073
22291157,0.8229821846795573
25913219,0.2382315384359997
100425337,0
1355029361799109791,0.5620628857510359
1494010082676489173,0
1898396969515567737,0.788442705120496
1934997553808375483,0.9654605204409387
61997153,0.21192779452333102
1489217179236542905,0
37836045,0
1303451788420128907,0.2856978106774165
106868543,0
47180403,0.4086276719611529
1489778358906376713,0.9917642643536073
1817953679541836963,0.5620628857510359
83493255,0.9180830698868515
61438047,0.10434479912376167
1764966899618716371,0.7798364698302763
66983543,0.8531864680054065
1987316641787806573,0
71854015,0
36929237,0.3402139969204919
1101703133669829089,0.5603499216390018
99159467,0.09897676010934973
78035363,0.4976256052007475
77958585,0.49490446281863854
2052443263773288391,0
54339277,0
64297797,0.1517222496778489
108154205,0
90989123,0.40574827742818476
76183077,0.8956552008762383
82962203,0.1468135319945935
1143429306007165951,0.38894560984377374
92825407,0.518699311842166
1434118248780589601,0.7331360012546383
69562243,0.4560051225152401
1911260858574320205,0.055613186200479864
41637521,0.055613186200479864
1598969878674607455,0.02630374391266867
71363461,0.7153991892799879
1282958269481184701,0.9736962560873313
80700413,0
1220416933656763797,0.5938812229279883
1153311069651171035,0
2054068201080213475,0.5938812229279883
59761587,0.3587413265179245
2001277199250345571,0.7535327259176077
84790987,0.11258053477015433
1197279524710075159,0
1313108665444336723,0
90608351,0.5942517225718152
99466097,0.46308612564168616
50912163,0.8693514569635696
2050452682241498703,0
1835432384932764259,0.8454100536901704
28143629,0.02630374391266867
100608847,0.1468135319945935
68607071,0
97614267,0.15458994630982958
51349705,0.7966784407668887
49387641,0.03453947955906132
1393008697226654635,1
42105873,0.6018104762397588
1998429000824589885,0.8531864680054065
22415547,0.25893474543359124
1772433556048777857,0.6330229378356829
1250199946453947895,0.38232392804848425
100342047,0.8799495332492318
17405579,0
1371345645128514311,0.4379371142489641
1889908297082652041,0.8799495332492318
1896899535368264711,0.7249002656082456
36603049,0.5133312728277541
1439540298343102033,1
1523134715571229627,0.2540260277503359
1810122136637027991,0.21192779452333102
7958647,1
1410477776701279221,1
78445851,0.6761686526849637
10462799,0.18135301155365482
41006393,0.1468135319945935
1451971214112724077,0.8229821846795573
2031959485794023189,0.5856454872815956
2068382616693363369,0.8268827240927379
22293505,0.9273269838033189
1375269730287963643,0.07267301619668105
1988245422015651441,0.5369138743583138
60243813,0.6416291731259024
1255873848848869861,1
99618791,0.6837274063529073
1144719658755775077,0.7712695378922579
1315989788180733951,0
1985541611159066581,0.43632306039786095
83828483,0.7406947549225817
1959002734443037029,0.5212082067313072
64081193,0.5439948774847599
99377771,0.2928365463664047
2063367850953973765,0.40574827742818476
98451835,0
1268761731183906325,0.6176760719515157
42429219,0.7459739722496641
1259810575232462537,0
2093186490784433247,0.36651774083316063
1777454142987613463,0.02630374391266867
98348323,0.3587413265179245
1519811514615368925,0.8058090174513193
1775314750308592907,0.36651774083316063
1792024540892434209,0.24579029210394324
1436467752711365519,0.04737745055408721
1897097301165605151,0.07267301619668105
1543720125155795371,0.3712087978691234
2050457028954266719,0
1252575408396774163,0.5942517225718152
1178070410950452937,0.5942517225718152
94665579,0.8147464490331646
6137451,0
1898274465914311003,0.8482777503221511
1423670903554626595,0.9443868137995202
67053967,0.08090875184307371
12849739,0.5050955371813615
106656067,0.11258053477015433
2056386515059385517,0.8531864680054065
1311219452610296417,0.21192779452333102
86060707,0
41085915,0
1560845347457453431,0.02630374391266867
104565785,0
2068387306726855709,0.6094403363051231
1463514392267401249,0.9273269838033189
1159212517812276971,0.04737745055408721
41519219,0.7488416688816448
1984180202454617105,0.25115833111835517
1288608557029017649,0
1381170861738000915,1
74652701,0.7798364698302763
1817397029662378163,0.09897676010934973
1501271452442630689,0.21192779452333102
12115693,0.9263188055332441
106578963,0
101547165,0.5357591418383673
1677685681081769721,0.5938812229279883
1658087338309724413,0
73609805,0.8186469884463452
1679793077686756817,0
1865097404095797737,0.9526225494459128
81501089,0.1517222496778489
104105949,0.17311727590726217
98032905,0.5291374600430777
15124491,0
1623826971808250963,0.3794445335155161
97107215,0.9736962560873313
105532239,0.6890954453673193
31900897,0
1337453454510491453,0.3905596636948769
31915423,0.9273269838033189
1289758363572502159,0.07368119446675588
31000295,0
85941941,0
58315359,0.2506990097871986
1852219768264656505,0.008235735646392654
1628397032353062697,0.38232392804848425
1292393391745136683,0.788442705120496
1653595830739142907,0.698596521695577
1684622195790738839,0.7071634536335952
1231715945756646469,0.3794445335155161
53795121,1
37044787,1
97971031,0.6149549295694068
2082676941875436679,0
39460143,0.07368119446675588
20561835,0.7143021893225835
1443089945284816371,0
2000324473405421123,0.4708625399569223
86997185,0.5831365923924544
1699801474017298433,0.9263188055332441
10812311,0
1143597323348200859,0
107032229,0.6024874582182079
1750938016433923661,0
96360153,0
2061117756051828481,0.5942517225718152
1978697412385956815,0
67996119,0.4152493537564424
1212873000960394525,0
1298741460062265139,0.14635421066343693
58560147,0.6574236624402386
2000142855264765069,1
1502859005175592445,1
86110553,0
51791279,0.8874194652298457
97127107,0.4708625399569223
1517644916462342043,0
3518655,0.6028186545098336
1330598571825730191,0.18135301155365482
107652261,0.7712695378922579
1679385611383072803,0.38995378811384857
104491945,0.21192779452333102
83236363,0.8268827240927379
2081953211050906623,0
1411828981648886721,0.6751604744148889
1251013763614888107,0.21192779452333102
1821863987467776849,0.9190912481569263
1682940193371797115,0.8717137976028391
5664629,0.6498649087722951
1233364061935896681,0.21948654819127456
57225729,0.9180830698868515
101586075,0
1675273089627037261,0.22016353016972368
1810105661555349829,0.47132186128807885
1292773250460304669,0.7143021893225835
2009234462537414917,0.9273269838033189
1331391322845522011,1
1357652847669340937,0
1245211671981540619,0.9736962560873313
54621237,0
1177705262780148623,0.7617684615640004
1675308002404668025,0.22016353016972368
43103415,0.4976256052007475
1754883707428777393,0.8147464490331646
96584199,0
1940590852875760125,0.7798364698302763
54202313,0
1239448718874507787,0.41435451271840434
1923640156581288271,0.8454100536901704
1939512948758666567,0.44455879604425363
107013529,0.4297013786025714
81559983,0.5702986213974286
1393854244310093351,0.1468135319945935
1491805058883631721,1
1545486737507989673,0.41435451271840434
66370109,0
42315349,0.6669247387684963
1490982674192309359,0
1872480678059847149,0.7014642183275577
38000463,0.9273269838033189
2030812265632030353,0
57022681,0.2033215592331114
1442329687322469617,0.38232392804848425
1778726584437707107,0.8229821846795573
1321413911329500497,0.8693514569635696
143737,0.35828200518676795
1768164596536721217,0.7153991892799879
1736150487948964159,0.32450832929348533
2080188690822811787,0
1936431272114783255,0.1468135319945935
81694839,0.02630374391266867
1950077162292575189,0.008235735646392654
1233120546626967163,0.4626268043105296
47366911,0.2540260277503359
77952213,0.07368119446675588
1755478943459825361,0.6597860030795081
1847581658002974047,0.38504507043059316
1812197147953741371,0
1957073695758531299,1
1382002426783939931,0.641717994813232
1886809730149599101,0.9443868137995202
2050455457009075735,0.40574827742818476
79595281,0
91453203,0
106832681,0.21192779452333102
99506705,0.8400420146757585
88945245,0.5023743947992525
96495655,0.2382315384359997
100207395,0.07368119446675588
45893057,0.055613186200479864
83417495,0
102134227,1
20508849,0.788072205476669
1845297533963166697,0.40574827742818476
66309023,0.4379371142489641
61375555,0.48702752891508544
55169047,0
43759083,0.21155729487950406
1810127410911002711,0.03453947955906132
1994753343800640415,0.5450030557548348
1103779991464931135,0.6024874582182079
1679738251485212147,0.15458994630982958
88233841,0.2540260277503359
1570859772952224189,0.3669770621643172
1485203788456303455,0.6024874582182079
19357887,0.788072205476669
107168083,1
2080586588140010271,0
61637539,0
1334673958096925115,0.008235735646392654
34197819,0.4549969442451653
99031525,0.6498649087722951
49789207,0.4626268043105296
100148573,0.38232392804848425
2050455046402705907,0.3320670829614289
85015911,0.7975732818049266
1282930241743758537,0.6176760719515157
1926138493203869855,0.9654605204409387
47701421,0.5357591418383673
53549411,0.9917642643536073
108026947,0
2056471776195454081,0.5856454872815956
106367849,0.3794445335155161
1421666313575302077,0.6679329170385712
1758561365333387601,0.8186469884463452
39108307,1
85591241,0.2856089889900869
98970203,0.04737745055408721
2072778388402258481,0.2846008107200121
1408225895877220541,0.4866687271722459
1966785704406274643,0.8874194652298457
24140321,0.08191693011314853
2047814274164716757,0.08090875184307371
2033696365650256707,1
1536035597865691735,0
1239527155186894417,1
31337929,0.3587413265179245
73387127,0.1468135319945935
60177681,0.36651774083316063
49893903,0.008235735646392654
1908462591781443215,0.7617684615640004
1556793723226392707,0.6094403363051231
1316936702688383325,0
13448587,0.02630374391266867
1816136096794378537,0.008235735646392654
1364126694756230505,1
1489963341339741783,0.15458994630982958
1910381268930602223,0.10434479912376167
1820517978568682861,0
67798461,0.5847506462435575
1359525835195653755,0.07267301619668105
1994250095506423357,0
1202583855532138087,0.8531864680054065
76437127,0.48953642380422663
75730933,0.5942517225718152
93837505,0.1517222496778489
1932151,0
1433080001302005677,1
1449121535290755349,0
2017075089485442899,0.37188577984757254
1545522976321017899,0
2068002206758252939,0.5450030557548348
26591391,0.4549969442451653
52592385,0.6094403363051231
100040195,0.17802599359051755
108504475,0
97734141,0.9654605204409387
107024667,0
65338441,0
1795349701463932357,0.8717137976028391
1757843106255795951,0.9736962560873313
50382879,0.8956552008762383
2040230431730400563,0.04737745055408721
103038729,0.8874194652298457
2089816249374148191,0.20242671819507335
102778441,0.008235735646392654
100276025,1
107368877,1
1382637258783881397,0
73388423,0.4893898695543549
83241421,0.77560473412547
105334541,0.3402139969204919
76133685,0
73206635,0.1517222496778489
55925361,0.15504926764098614
1850105971829400467,0.3014034783044231
66818139,0.9917642643536073
1696653565773051815,0.5913723280388471
1218955765373650583,0.03453947955906132
67881673,0.02630374391266867
82483369,0.4708625399569223
91060847,0.4632326798915579
90907247,1
102930761,1
1327339149276370187,0.8147464490331646
106991111,0.6363499557988201
1489871297897739463,0.2382315384359997
1329143526650161219,0.7712695378922579
1416325124434122875,0.5450030557548348
1897096235918039599,0.8137382707630898
48821791,0
58742667,0.6837274063529073
40839791,0.8482777503221511
1497505834836747147,0.36651774083316063
30645161,0
1488635503290278099,0.7542097078960568
1269225352655086821,0.788072205476669
98553137,0
2007227946063551613,0.25893474543359124
1358057914552437811,0.9526225494459128
17837809,0.9736962560873313
1596070876868797553,0.008235735646392654
1793245096848894365,0.25893474543359124
95926215,0.40574827742818476
1537358914303401013,0.5831365923924544
92107797,0.9526225494459128
1871165119840338999,0.21192779452333102
1440838363122347941,0.2931677426580304
1550982771722971489,0
91298301,0.6890954453673193
103483699,0.5129724710849146
1665758725485286823,0.21948654819127456
108769117,0.09897676010934973
2000416426777918779,1
92803847,0.008235735646392654
1517814675441180079,0.9526225494459128
1198709862504009669,0
16363073,0
1911351389321389311,0.10434479912376167
106846635,1
103880713,0
1234513108696566043,0.9736962560873313
52443559,0.8693514569635696
107886043,0.008235735646392654
17540641,0.35828200518676795
1990153063987806173,0.6024874582182079
1252207135011546471,1
41512737,0.9736962560873313
2081879954833432343,0.9180830698868515
1802881148610222281,0.2928365463664047
1780223336922391061,0
25072431,0.6018104762397588
97878293,0.5212082067313072
37273201,0.8454100536901704
1924847501330527301,0
2029371532237852467,0.40574827742818476
1199706081666786187,0.5106101304456452
1688399799580921983,0.5685856572853945
1656446386863765541,0.2277222838376672
70806183,0.563676939602139
2005711045880422093,0.21155729487950406
40470257,0
49832955,0.8454100536901704
1701279789421239357,0.3191402902790734
1717406472266476933,0
1707223339010588843,0.576514910597165
1846578474648644931,0.2593940667647478
1375401541524944753,0.9190912481569263
17126885,0.3162725936470927
1814881304312169953,0.4152493537564424
1826485505864962285,0.07267301619668105
12773159,0.8482777503221511
1400280869309697669,0.7493009902128014
100293581,0.4708625399569223
2068393873157536359,0.4866687271722459
1316873514679433263,0
108313155,0
107038433,0
38037721,0.9654605204409387
1499668943328603889,0.3191402902790734
1704261003678388891,0.5133312728277541
2091788631775431449,0.6067191939230142
1777757144571400029,1
1967884010925359891,0.41686340760754553
103102689,0.9526225494459128
1753801965568822709,0.7805134518087254
100498637,0.9273269838033189
50383441,0.9736962560873313
1444900723347673967,0
1615750298446876501,0
75443849,1
1091696527516985531,0.8482777503221511
1098222430890382137,0.48702752891508544
1635293268473125679,0.7798364698302763
1286564946548226057,0.5439948774847599
45175921,0.7712695378922579
1890994415146364805,0.10721249575574239
1806162411273271887,0
27242361,0.9010232398906503
1474009080427944327,0.9443868137995202
89267093,0.9190912481569263
1250870268000568103,0.40574827742818476
108786435,0.17701781532044272
94655489,0
1472109561991440105,0.22016353016972368
73206785,0.02630374391266867
1893897591738198357,0.306771517318835
1888440112997971267,0.8454100536901704
1486815775102458991,0
1865103133325925729,0.20242671819507335
1271375717611862891,1
106323671,0.7617684615640004
1201344673151738123,0.008235735646392654
1382632546437463077,0.3238313473150362
2081128161702166633,0.9273269838033189
108132707,0
52276063,0.5133312728277541
42973503,0.5340461777263331
1957145680782156069,0.8482777503221511
23342253,0.44455879604425363
76985517,0.3905596636948769
102470371,0.5373731956894704
17779031,0.008235735646392654
42527519,0.5212082067313072
1975803744889283463,0.18525355096683538
1938319033223031941,0.008235735646392654
1960817115311230773,0.9263188055332441
99136013,0.9736962560873313
99465227,0.9273269838033189
82910913,0.07368119446675588
81349065,0.9917642643536073
91462775,0.7406059332352521
49345641,0
1814951997949531981,0.2750997343917544
2052070150962662931,1
1794198674251965093,0.25893474543359124
1711356045027995559,0.8268827240927379
92270281,0
65869441,0.5685856572853945
10410631,0.3014034783044231
1808837957542233977,0.861115721317177
1645038312349202855,0.2846008107200121
58106163,0
36548195,0
107901699,0.9443868137995202
1252561648823006563,0.15458994630982958
62177809,0.9654605204409387
68364339,0.7798364698302763
58785393,0.9917642643536073
1728937785079403733,0.22016353016972368
88085161,0.6094403363051231
1798741259976834087,0.9273269838033189
1531433106428071771,0
98348419,0.8186469884463452
2050452797842762599,0.15995798532424155
2065438798107788827,0.44065825663107305
91735291,0.9917642643536073
1958309811068983873,1
1810123308404540145,0.12828620239716093
1623197919524034713,0
20262079,0.35837082687409755
1865430765635858559,0.5620628857510359
1905559352769439001,0.15458994630982958
81463619,0.9736962560873313
2020515382218549989,0
1233163964265534019,0.693228482681165
54127215,1
41202151,0.8799495332492318
79114521,0.5133312728277541
81442277,0.08090875184307371
1763002469514877925,0.8956552008762383
98312327,0.5286781387119212
74566967,0.45771808662727426
33513989,0.44065825663107305
34767823,0.5856454872815956
92759253,0.8536457893365631
1384088910420188117,0.8449507323590139
30445031,0
2021252401904333967,0.40574827742818476
1313074406072867497,0.38504507043059316
1883932918534397793,0.8454100536901704
1999148593686959565,1
91758241,0.21192779452333102
39969401,0.10434479912376167
40105947,0.8956552008762383
35912627,0.8058090174513193
1279840737813201351,0
1756632168985715115,0.4152493537564424
2052661542059280675,0.008235735646392654
58743501,0.77560473412547
83015377,0.6334822591668394
1523118275670123157,0
102540909,1
30228777,0.8531864680054065
1116166370423962123,0.7143910110099131
1967856675471217413,0.4297013786025714
1404331738800118163,0
43051773,0.2593052450774182
96481925,0.6837274063529073
71146281,1
53571695,0.7617684615640004
104806741,0.25893474543359124
1521412052916265279,0.6416291731259024
5038761,0.3162725936470927
13031211,0
106320657,0.38232392804848425
1997200901845629613,0.4234850894028351
1937606676456570969,0
2079773154867597905,0.10721249575574239
99159453,0.1468135319945935
105687241,0.008235735646392654
1865201177571420013,0.03453947955906132
2079078054660940037,0.9273269838033189
1800055503572076237,0.1468135319945935
2082540456684977913,0
2010187760698557565,0
1431962576652131601,0.8147464490331646
44135061,0
1546429822325293535,0.5942517225718152
1725838385997506369,0.3330752612315037
1674259515073129691,0.2277222838376672
57607025,0.5913723280388471
1927689185877020775,0
1092714185526347767,0
108387631,0.6100462118861514
3878811,0.8717137976028391
1653938237874498363,0.9654605204409387
78526183,0.04737745055408721
98720809,0.41435451271840434
34443441,0.2846008107200121
92181493,0.35837082687409755
34151647,0.22873046210774203
1521970520674726001,0
108788499,0.559341743368927
2011687639689052915,0.8799495332492318
1687653331626719611,0.5357591418383673
1645439320919101025,0.43632306039786095
79694711,0
1180168700560288135,0.17311727590726217
1333447110590532411,0.47132186128807885
1679881391029924909,0.7406059332352521
98346837,0.8531864680054065
1999834024058228263,0.38995378811384857
99435627,0.02630374391266867
1229138501771440935,0.38232392804848425
78255457,0.9526225494459128
80816099,0.77560473412547
17129321,0
97483071,0.10434479912376167
72351209,0.138884278682823
1097251596751946881,0.8799495332492318
1347820416881449881,1
1962759801382429779,0.9273269838033189
10566447,1
1704648883580217603,0.3794445335155161
2027933414653089053,0
61818863,0.5133312728277541
97625259,0.7722777161623328
102118161,0.5831365923924544
2084581827196505221,0.07267301619668105
54675783,1
93968529,0.24646727408239233
95761121,0.5291374600430777
98959323,0
79019359,0.7406947549225817
33646435,0.9443868137995202
1314900878256801351,0.2846008107200121
36182265,0.055613186200479864
1506068910045539567,0.5439948774847599
77413261,0
98452365,0.22016353016972368
44529101,0.9526225494459128
90657587,0.08191693011314853
39904057,0.8874194652298457
1211407459607573655,0.8058090174513193
1645307702025859215,0.6176760719515157
87636699,0.32450832929348533
1189544291301541257,0.5856454872815956
65278895,0.29384472463647954
76970449,0.788072205476669
1728795548114849905,0
35028081,0.055613186200479864
1510101755384862689,0.8268827240927379
68549641,0
77811523,0.08090875184307371
1130441682326060833,0.788072205476669
1537256657495951685,0.6176760719515157
1803171977440013377,0.8693514569635696
91980925,0.77560473412547
1125790159095803593,0
19987569,0.6334822591668394
1998480685197672299,0.2856089889900869
1229262968700873015,0
1810109303733847247,0.3014034783044231
2050453320128628245,0.02630374391266867
1945378168403386423,0
1592931530570255615,0.07368119446675588
96642155,0.9736962560873313
1817491522373576625,0.5942517225718152
1794798940225312641,0.9736962560873313
95653655,0.1941909825486807
98500121,1
96686793,0
1382644096211799825,0.8799495332492318
100024629,0.8400420146757585
35275955,0.8229821846795573
37956251,0
108299563,0.2931677426580304
5687961,0.9526225494459128
1542634194829394485,0.6416291731259024
1717213176517865387,0.5357591418383673
72530203,0.8454100536901704
1368328397067871271,0
1257978856759302907,0
1379065224103092379,0
81767267,0.7410652545664087
59754045,0.5847506462435575
27312513,0.44455879604425363
106149265,0.6808597097209266
1910344219318188397,0.5831365923924544
2010424390079311089,0.8536457893365631
2045159041683609755,0.306771517318835
74669049,0.1468135319945935
69370531,0.5913723280388471
53922423,0.6416291731259024
1751165601000626787,0.6110543901562262
1975749970321602869,0.1941909825486807
93450041,0.7798364698302763
1760581918801751761,0
2371375,0
1572596728621408515,0.6149549295694068
1376911961621078641,0.8717137976028391
1994716780182575237,0.306771517318835
100577213,0.3905596636948769
2039823230530224029,0.4632326798915579
1818226849970241293,0.3905596636948769
1363537105470546635,0.38232392804848425
100583473,0.7153991892799879
107766901,0.7143910110099131
1594353338894302603,0.77560473412547
1632022538500177095,1
1098216498476836243,1
108818063,0.3330752612315037
1440245426419492705,0.9526225494459128
1729055284118897723,0.77560473412547
1435471604074481971,1
107038109,0.10721249575574239
1888248376047731577,0
1681770749117864217,0
1140467305993429863,0.6110543901562262
5462281,0.39818952376024125
49769915,0
1386561332896369315,0
19273923,0.9917642643536073
1859680476605353983,0.4152493537564424
1879591633245045847,0.07368119446675588
1868364309265865127,0.10721249575574239
64935091,0.4976256052007475
100280687,0.5357591418383673
1583145256500180573,0.5422819133727258
77500101,0.35837082687409755
1824380671048498999,0.4632326798915579
2037872597987469639,1
1929104005671031457,0
1986785186590698533,0.9443868137995202
1416267347694518595,0.40574827742818476
1150363337612944835,0
73454269,0.698596521695577
85486187,0
36448293,0.8717137976028391
66142389,0.8268827240927379
1920359863257944265,0.8219740064094825
14254323,0.6067191939230142
2054307409555682257,0.22049472646134938
1328933031147619003,0.6498649087722951
96788119,0.14635421066343693
2007377934724558269,0.7673689984790774
46246193,0.12828620239716093
35813529,0.4086276719611529
102718187,1
1494743204477059403,0.5856454872815956
1308815283694540193,0.3501350912277049
21767,0
1448134904508140339,0.788072205476669
1531716540583948113,0.6498649087722951
1694600170424844243,0.7225379249689762
39518249,0
1994027265414962893,0.22439526587452993
1377951560204020047,0.3587413265179245
1433237969636485539,0.4976256052007475
17471685,0.8536457893365631
1575646775606882971,0.5367673201084421
1260396168141458757,0.8536457893365631
63252691,0.17701781532044272
79974825,0
1316946069983828387,0
1765304413782303013,0.4560051225152401
1762717241751953927,0
32104919,0.6751604744148889
51111129,0
1470711180569701351,0.7014642183275577
1746319316440984431,0.9443868137995202
1368957518841723941,0.41435451271840434
92982741,0.649187926793846
1238176186771431719,0.6094403363051231
1471149829576738511,0.12005046675076826
1438953700351733619,0.7966784407668887
2023095345218112361,0.6574236624402386
1411182255145866875,0.7966784407668887
87534883,0.6679329170385712
1900091858339783955,0.4549969442451653
30324411,0
1757165021894527101,0.7798364698302763
93768503,0.5291374600430777
82109167,0.03453947955906132
1865375637982505021,0.055613186200479864
1927709448581870459,0.3905596636948769
2027923430274835941,0.21192779452333102
67897557,0.10721249575574239
1906428004314313731,0.8531864680054065
82394077,0
99886183,0.5291374600430777
95808925,0
81368029,0.7153991892799879
1313049206702559695,0
1900036578795680307,0.7068322573419695
1922145435772037039,0.6287912021308766
1570860335433538523,0.21155729487950406
1956396321351270485,0
61860271,0.5702986213974286
41379447,1
5129233,1
1562319593083983309,0.7071634536335952
1236734507423346569,0.5357591418383673
98955275,0.20242671819507335
1798509945897296585,0.7459739722496641
1727321983685088617,0.15995798532424155
76458497,1
1810127160434209361,0.6890954453673193
73664597,0.1468135319945935
105277133,0
1809150270073211211,0.8874194652298457
1704220953022981649,0
1800709441758043113,0
68553155,0.5675774790153196
94105511,0.8268827240927379
1607505732365706055,0.4549969442451653
1927713805416940075,0.2856089889900869
1926054755090260721,0.5357591418383673
30432329,0.6837274063529073
27312185,0.35837082687409755
31909041,1
1330472108362006783,0.008235735646392654
1207766609309727735,0.48702752891508544
41841903,0.40574827742818476
1556376229288877375,0.03453947955906132
7924021,0.8449507323590139
84194165,0.7488416688816448
98003029,0
104239661,0
2060351875696240043,0.6890954453673193
1410458615455104855,0
2084539738527573867,0.2931677426580304
1799803868387839037,0
1449308882308353105,0.07267301619668105
98895211,0.7798364698302763
1782849126216701235,0.7966784407668887
1458843783135360425,0.5942517225718152
1754608614691160827,0
1823767188889259727,0.9526225494459128
106454959,0.18135301155365482
85133301,0.9917642643536073
1381381480727246867,0.4659538222736669
1242480693051631857,0.9273269838033189
2072420118404321893,0.3905596636948769
78118061,0.8137382707630898
1292887077737269109,0
62712243,1
1293114833095824647,0.8956552008762383
86298223,0.5942517225718152
1106384085319794903,0.21192779452333102
52648071,0.7406947549225817
1848364187796078163,0.6679329170385712
2050450764157215549,0.5357591418383673
18099605,0.6287912021308766
42220293,0
68674953,0.07267301619668105
55566757,0.40574827742818476
79597757,0.7712695378922579
1299975939817864987,0.055613186200479864
58963125,0.2593940667647478
1155025381936890865,0.36651774083316063
1125791018197268721,0.44455879604425363
1636085031956982067,0.77560473412547
52267853,0.4866687271722459
8914199,1
1686057288972521209,0.6754916707065146
103679713,0
1879769863894874491,0.4061187770720117
40529113,0.02630374391266867
1605773677809583379,1
1971951790748516869,0.32483952558511103
98924787,0.44065825663107305
70461107,0
1581767156760616803,0.2382315384359997
56811819,0.7143021893225835
1292773294164753159,0.2750997343917544
1924991642510723169,0.37188577984757254
2081448606536263075,0
25743505,1
1633528128410989489,0.6024874582182079
48680747,0.46424085816163274
1799141715717933883,0.3905596636948769
1986208020507322925,0.32483952558511103
99465605,0.24579029210394324
103455025,0
28116763,0.39328080607698584
92665295,0
55609695,0.38995378811384857
1607083063575637767,0.5439948774847599
1348433248904080903,1
2005941710331701155,0.39328080607698584
44091789,0
2088896111072973581,0.8454100536901704
1137521528196799321,0.8454100536901704
1751627604992528793,0.9917642643536073
2023599859950992193,0.1862617292369102
108154131,0
1834794954083614475,0.6890954453673193
11867221,0.518699311842166
88095269,1
12748577,0.8400420146757585
1950683658156667925,1
15299501,0
71035407,0.3162725936470927
100208805,0.8536457893365631
28283599,0.3669770621643172
1124904569034675919,0.3587413265179245
90345747,0.5422819133727258
17486167,0
84721927,0
98037149,0.3238313473150362
103105201,0.38995378811384857
1788547268703925203,0.02630374391266867
55168749,0
1707099695171682589,0.4632326798915579
1881285705003705795,0.5702986213974286
83823435,0.1468135319945935
67290373,0.11258053477015433
1903166050787074873,0.6024874582182079
41281017,0.3636500442011799
102384513,0.7068322573419695
89071497,0
1675302547068528995,0.7406947549225817
31822081,0.7617684615640004
13472833,0.9917642643536073
69889599,0.8956552008762383
1337916777461611589,0
94263083,0.02630374391266867
1423084991333779575,0.5702986213974286
2010049581562962477,0.9736962560873313
98502039,0.1468135319945935
1165669794826135339,0.5369138743583138
2081903986766271483,0
1913887937597026351,0.7535327259176077
102469755,0.7805134518087254
2061112783516879909,0.07267301619668105
59410007,0.7712695378922579
2050450882603007773,0.1468135319945935
1664166813805308919,0.45771808662727426
90608783,0.7535327259176077
83760617,0.35081207320615404
90658477,0
1185770315250247261,0.43242252098468037
65725793,1
1879375056649393157,0.9273269838033189
414579,0.4086276719611529
1764425299388268703,0
1810105456523954087,0.07267301619668105
1919425594656084449,0.15504926764098614
22411415,0.518699311842166
1257711749104398409,0.6110543901562262
41725753,0.5023743947992525
1211346927449256907,0.3162725936470927
1562481223304739153,0.38232392804848425
78005093,0
1521941233066000915,0.8454100536901704
96798783,0.3238313473150362
49889647,0.4549969442451653
1999062237049810539,0.6363499557988201
1839549582831986245,1
1625177396427920165,0
1408531353829681435,0.1862617292369102
42056123,0.3905596636948769
72473269,0.5938812229279883
1174289650866563203,0.6808597097209266
24077491,0.8531864680054065
34383791,0.055613186200479864
1402300142076950163,0.6498649087722951
85133233,0.43242252098468037
1300329302620065929,0.9917642643536073
1165883526900758329,0.4086276719611529
1611199677854913253,0.9273269838033189
58825967,0
2091589094624656287,0.46424085816163274
1755514190923257627,0.1468135319945935
2091783281557778939,0.9190912481569263
1714708359947978265,1
29549389,0.04737745055408721
42509193,0.12005046675076826
2078929295314034201,0
1967862453702028587,0.6149549295694068
579255,0.31090455463268074
101616401,0.2382315384359997
91737717,0.1517222496778489
1993170593543400403,0.18135301155365482
91024051,0.9273269838033189
105572025,0
1269464669032201709,0.77560473412547
1801561305876020919,0.008235735646392654
1982170724252175597,0
102581093,0.9736962560873313
108354207,0.2277222838376672
100164579,0.1468135319945935
78309145,0.4626268043105296
1604829221513751443,0.38232392804848425
1320835401870707747,0.25115833111835517
19177875,0.7061552753635204
1274326558619623477,0.4549969442451653
105784509,1
1362680151562902677,0.6890954453673193
1479137506245080835,0.788072205476669
1142278018918299069,0.21948654819127456
75825001,0.8482777503221511
1587487627577075353,0
84362145,0.3501350912277049
59404075,0.7966784407668887
88171645,0
100393677,0.3587413265179245
1463839400487833963,0.6287912021308766
1753425302582522849,0.4866687271722459
1832235502128124963,0.055613186200479864
1133883802924095389,0.008235735646392654
99255927,0.9273269838033189
1307732337830484793,0.5367673201084421
105753909,0.48702752891508544
91584567,0.7249002656082456
77287939,0.21192779452333102
77209479,0.138884278682823
1658193863755740755,0.7249002656082456
1585485836020064315,0
100354821,0.3238313473150362
1592447139799828853,0.6287912021308766
1878908863026201725,1
99694055,0.9190912481569263
100230331,0
1717161760051994777,0.47132186128807885
1529186282342520045,0
49263329,0.24646727408239233
1886636694293338233,0.6330229378356829
83624347,0.9273269838033189
1474825624428782603,1
78254771,0.3669770621643172
85133285,0.5129724710849146
97211999,0.008235735646392654
1895546398555790283,0.6100462118861514
1644790822754094053,0.8874194652298457
78678461,0
1631876340053729129,0.9273269838033189
1710752406789670107,0.6412586734820754
1199715275001040775,0.5450030557548348
1513139427188625551,0.7975732818049266
2010872130736038647,0.8956552008762383
2080306463530131315,0.6176760719515157
77741409,0.25893474543359124
1309504737039248173,0.29384472463647954
1810109140692305975,0.8956552008762383
1749696710459318381,0
105962483,0.17311727590726217
94108383,0
106418305,0
1725849207962120491,0.6837274063529073
1145060287240416911,0.3319782612740993
50138265,0.861115721317177
1516144446661552913,0.7406947549225817
57622151,0
86392989,0.5340461777263331
1395656426474096203,0.9180830698868515
1862847502648866103,0.9010232398906503
13707253,0
60955487,0.6176760719515157
1846648569483078483,0.008235735646392654
42079121,0.8454100536901704
71538953,0.26686399874536176
1875051875710889371,0.693228482681165
100669055,0.9526225494459128
95480165,0.22016353016972368
1330271893345639075,0.9917642643536073
105232291,0.8531864680054065
69548217,0
62881211,0.9917642643536073
929039,0.07267301619668105
1417400512950706487,0.13064854303643034
2050453645088250297,0.8956552008762383
1825044027007072457,0.7488416688816448
61107597,0.6100462118861514
1238849297513280159,0.3330752612315037
97733311,0.47879179326869276
1611851704223484099,0.5367673201084421
45997897,0.2931677426580304
1764819705464656897,0.3014034783044231
2052097302386454761,0.5620628857510359
1391268465116720005,0.1468135319945935
107867557,0.8482777503221511
1669970057739985715,0.38232392804848425
1159905065360418447,0.07267301619668105
1660064965839776811,0
1252589016972719147,0.5104635761957734
1287789393887567201,0.2846008107200121
1619244437105263319,0.8799495332492318
1987446956934170267,0.37188577984757254
31707235,0.7153991892799879
2048370039151556241,0
1563799399883315209,0
23804891,0.2846008107200121
1756417209619672607,0.10434479912376167
1626225601834708937,0.3905596636948769
1958514971940623165,0.9917642643536073
105773885,1
1198540158318677357,0.788442705120496
1308498003283886503,1
1837566807745456969,0.8927875042442576
1896996710091515749,0.39751254178179213
108172915,0.21192779452333102
61169525,0.17311727590726217
93163457,0.9190912481569263
1622753812158834529,0.6751604744148889
1381359786628031171,0.9917642643536073
1919861533123305879,0.306771517318835
1298732669208827827,0.8693514569635696
1617820576063827213,0.055613186200479864
1848280385319549039,0.8058090174513193
83188591,0.788442705120496
1333844398861561473,0.9010232398906503
1767809536959996771,0.5450030557548348
1197295710045114163,0
1193727879848269657,0.21155729487950406
2081130234999115139,0.5367673201084421
1622755415819700305,0
90827893,0.9917642643536073
1840244981143555687,0.8454100536901704
88979975,1
1959761,0.4086276719611529
1729252879810866019,0.5286781387119212
67498709,0.8693514569635696
2039141993708624059,1
108154061,0.8400420146757585
1241584221773881995,0.5702986213974286
67885425,0.5212082067313072
30106465,0
98871177,0.641717994813232
1358015056914796893,0
52634493,0.641717994813232
2089871895021398607,0.21155729487950406
30998629,0.138884278682823
1691260254052268509,0.3320670829614289
1327874127882914939,0.10434479912376167
1953507821393349909,0.8927875042442576
2064063782465111241,0.7493009902128014
108761083,0.9654605204409387
105655529,0.7153991892799879
87753307,0.5369138743583138
65981581,0.6176760719515157
33374637,0.7324590192761892
1860209376259002013,0
1834400804275319437,0.2593940667647478
76269535,0.7966784407668887
1784647868464442253,0.22439526587452993
1678342562334157549,0.7459739722496641
1478295590728932587,0.9736962560873313
77823991,0.2856089889900869
1947099518711435393,0.21192779452333102
1932263685469633035,0.9273269838033189
1807182844199196553,0.08090875184307371
1313162854545392543,0
10594181,0.6094403363051231
87305907,0.3636500442011799
98925139,0.36651774083316063
1272711534065379231,0
1765589401988879259,0.8454100536901704
1672690292748252275,0
50736129,0.22049472646134938
1826981163492320667,0.8268827240927379
1165719481574637799,0.6024874582182079
1830433761600963807,0.306771517318835
96489727,0.7014642183275577
70531645,0.43141434271460555
1717467830057694957,0.10434479912376167
99820819,0.7061552753635204
105802943,0.9273269838033189
1608710141736285023,0.861115721317177
95075445,0.5367673201084421
1959729,0.5104635761957734
84559649,0.3971813454901664
97915611,0.04737745055408721
1741894656314825797,1
1947807273824877585,0.3162725936470927
44442317,1
68230901,0.5942517225718152
73388567,0.4234850894028351
1349642777624924861,0.6176760719515157
10993195,0.77560473412547
1646210131041181117,0.7406947549225817
1887181798489640029,0.4061187770720117
17487385,0.3971813454901664
17437703,0.7617684615640004
55598961,0.1468135319945935
1946004819628913411,0.7153991892799879
1814318566326595207,0.5286781387119212
1421685737840778047,0
87612363,0.5104635761957734
1220871291292673583,0.9263188055332441
75666533,0.45771808662727426
75316645,0.15458994630982958
72369357,0.8229821846795573
1897173929035787767,0.5603499216390018
1652072143822244321,0.02630374391266867
88323175,0.09897676010934973
1975332551870375443,0.3402139969204919
90563709,0
1369501927078424711,0.21948654819127456
33017515,0.35828200518676795
83512649,0.09897676010934973
1230110647110956039,0.6574236624402386
1570847864661829203,0.9526225494459128
102421907,0.07267301619668105
1970990954752742865,0.8536457893365631
100924605,0.8482777503221511
97653025,0.44455879604425363
1953829756925066573,0.4866687271722459
1424128329829000975,0.6334822591668394
1809236939135924223,0.22049472646134938
91009913,0.5603499216390018
1736951798957987021,0.5373731956894704
103266245,0
1994118811972286315,1
1231563788753911473,0.8927875042442576
91727897,1
1491400042503305453,0.5340461777263331
15650493,0.9736962560873313
1896349888611048789,0.26686399874536176
82550147,0.02630374391266867
1918722653717184233,0
1542204421794455773,1
1342292259642575771,0.8874194652298457
1624832856093311473,0.6761686526849637
2073925380807463835,0.8956552008762383
15426581,0
50752059,0.9654605204409387
1516189092230427569,0.44065825663107305
1237355323600838409,0.5439948774847599
24504747,0.9654605204409387
100148425,0.41435451271840434
104718279,0.9443868137995202
1734988457385352647,0
1927679473065802789,0.3669770621643172
1941830476021306787,0.3905596636948769
1486981258733934711,0.6028186545098336
1093974319227149859,0.5439948774847599
78724513,1
1444719936265263965,1
1483161029093909431,1
1384409629849372603,0.5129724710849146
2017832077764440689,1
32884461,0.2326310015209226
1926045578624110119,0
1906002674365263543,0.21948654819127456
88504765,0.3794445335155161
1244133199502389993,0.10721249575574239
1795662408181719735,0
1128747992383176543,0.8454100536901704
1946244069969655095,0.4893898695543549
1479968863506884079,0.693228482681165
83768737,0.861115721317177
68423539,0
1430858426365343175,0.08191693011314853
101531013,0.7798364698302763
94189343,0
50359611,0.2033215592331114
1273615471759395559,0.5702986213974286
1489898646214573435,0.9180830698868515
1968046609908902555,0.03453947955906132
29641791,0.6024874582182079
13500213,0.7406059332352521
1238243664017510027,0.5422819133727258
1628912532341013565,0.40574827742818476
1825175254313870357,0.9273269838033189
107410603,0.861115721317177
74106943,0.7542097078960568
1766589496700677157,0.2750997343917544
1274372284326200035,0
1893302005813956615,0.7143021893225835
104782939,0.25115833111835517
100147893,0.10434479912376167
106703481,0.8799495332492318
97668541,0
40639229,0.9917642643536073
57022365,0.1862617292369102
1325727235775982093,0
48122727,0.6176760719515157
59478317,0.788072205476669
1791210771316562683,0.5450030557548348
106940363,0.2750997343917544
88132015,0.008235735646392654
1732636859114681729,0.8874194652298457
1276965421670516183,0.02630374391266867
104232651,1
1826978878388768357,0.07267301619668105
2056794076275629463,0.38232392804848425
1449288630292966639,0.21155729487950406
10252313,0.7795052735386506
1308788516643620693,0.15504926764098614
80847759,0
624261,0
60632153,0
1754055899117754551,0.6334822591668394
67112369,0.18525355096683538
1590199721022715239,0.9654605204409387
1813413590103729423,0.8147464490331646
74651227,0.9654605204409387
1141002269604990769,0
1259069699490353379,0.44065825663107305
31068625,0
2004946858711196319,0.4708625399569223
1553317330889356429,0.49490446281863854
13103969,0.5620628857510359
2058735670235189693,0.788442705120496
83583887,0.43965007836099823
1117138174247181057,0.6808597097209266
80701081,1
105839115,0
1616096450616384097,0.6094403363051231
1826983004603363651,0
1681327791392083545,0.5675774790153196
50029949,0.22016353016972368
1867933015724204637,0.9917642643536073
2034873284314656719,0.008235735646392654
1284030885725476321,0.9263188055332441
1668309020196361743,0
1665031828755745613,0.788072205476669
4999069,0
2092804982305158083,0.7061552753635204
39148641,0.09897676010934973
1352346695919572097,0
1964159440543138851,0.8449507323590139
73593361,0.5369138743583138
88264643,0.6094403363051231
13537531,0.07368119446675588
86245283,0.02630374391266867
1855602853601418615,0.9917642643536073
1708445768395757751,0.7798364698302763
4596497,0.4297013786025714
53609545,0.46308612564168616
1198838585097983603,0
49817563,0
63024955,0.6176760719515157
1110083278732395191,0.39818952376024125
90927493,0.07368119446675588
82479007,0.7488416688816448
1597236382060102155,0.861115721317177
2607975,0.8137382707630898
1421673086331393579,0.6334822591668394
1608680116020710321,0.14635421066343693
1246531275451464539,0
2079772703781457019,0
17718841,0.788072205476669
96292307,0.5603499216390018
1231132290291397507,0.9526225494459128
90212045,1
2033882420562979815,0
1591707838107691691,0.5133312728277541
1120508988262966361,0.8268827240927379
96478039,0
2027830131006994003,0.788072205476669
78176799,0
1973918197889088637,0.8531864680054065
1339155020337477885,0
93882229,0.9526225494459128
1997420689342597027,0.2856978106774165
50111067,0.7975732818049266
89904281,0
809461,0
1633461336861473483,0.9180830698868515
1473909411706493037,0.40574827742818476
26686927,0.11258053477015433
42781261,0.8874194652298457
58102107,0.2506990097871986
42501823,0
56985981,0.9917642643536073
1979834842919013559,0
103483607,0.055613186200479864
1226137202677773125,0
78639211,0.07267301619668105
99847705,0
77692207,0.40574827742818476
52845561,0.07267301619668105
2086991192713550949,0.6412586734820754
2086782340052812897,0.21155729487950406
1910605704808279821,0.559341743368927
99344915,0.8268827240927379
80738535,0.7406947549225817
107979483,1
11694007,0.04737745055408721
1846862134886738181,0
1846540109129607937,0.9526225494459128
11723819,0
45426261,0.31090455463268074
1310007987283756847,0
1713370551333001057,1
24904029,0.8229821846795573
1280939931395633355,0.5104635761957734
1767091286965311141,0.40574827742818476
36389273,0.02630374391266867
79610593,0.2675409807238109
43131055,1
91277497,0.2326310015209226
1469789741367009073,0.9654605204409387
1318999408719496181,1
1967157,0
77042689,0.8927875042442576
54719155,0.38232392804848425
84619865,0.9180830698868515
28431013,0.8799495332492318
1168576712393097065,0.46424085816163274
1688474935401379181,0.306771517318835
91982739,0.9273269838033189
94581911,0.7795052735386506
1416335838663246891,0.44065825663107305
5031135,0.7535327259176077
1556801719795900061,0.9526225494459128
97611913,0.10721249575574239
1880946011681553521,0
32024397,0.8219740064094825
2007144568547307289,0.9917642643536073
83820517,0.43141434271460555
1931857875606429885,0.2506990097871986
1887274362048722653,0.8482777503221511
1491312191802602547,0
1982561103112768875,0
1621807594353631845,0.8268827240927379
1340947739655656635,0.38232392804848425
106186665,0
67118945,0.8536457893365631
1908880293398770063,0.07368119446675588
1497519769432020197,0.6679329170385712
106940283,0.35081207320615404
90354225,0
1278787167439248055,0.21192779452333102
1279491101319475279,0.8874194652298457
16062641,0.6149549295694068
68637039,0
36119883,0.10434479912376167
88378631,0.2856089889900869
1466674084710253837,0.04737745055408721
1266462303971830647,0
1649886559871060611,0.4708625399569223
1953039789830439189,0.8799495332492318
1997150184636362247,0.5023743947992525
51364731,0.4893898695543549
100224683,0.7488416688816448
1675233367939807679,1
1469016686697243049,0.43632306039786095
31853645,0.44065825663107305
1413108431106400585,0
1604104795034942413,0.6094403363051231
1424929854791509091,0
108594725,0.5129724710849146
2039142019885483641,0.7324590192761892
1421566468011029103,0.9273269838033189
2020221031195203491,0.9010232398906503
1117623913405010719,0.5856454872815956
1958057704501818215,1
1128220196570808721,0
82052431,0.8927875042442576
2030275756358249175,0
1554163139847385025,0.4866687271722459
1790158090150565859,0.5023743947992525
34345907,0
68177703,0.44455879604425363
1985276483356245081,0.02630374391266867
1448904625461721791,0
3674183,0.35837082687409755
85906559,0.5702986213974286
68403171,0.7535327259176077
88688265,0
79553879,1
1507144546271994397,0.32450832929348533
50513523,0.9736962560873313
23395109,0.4976256052007475
1628377100214274491,0.8449507323590139
99989633,0
1900462357191590803,0.2277222838376672
100946403,0.3501350912277049
19291637,0.09897676010934973
1675319232493957165,0.10434479912376167
73073983,0.6416291731259024
108081231,0.6330229378356829
1360612742785068119,0
2068444653268150681,0.25893474543359124
1804458687312808499,0.3587413265179245
1786695635558659321,0
1900483087777213223,0.5675774790153196
1636171568969091763,0.5291374600430777
41332229,0
99465439,1
70991251,0.8449507323590139
95848655,0.38995378811384857
3863637,0.39818952376024125
70703817,0.2856978106774165
1972696331751942731,0.17802599359051755
1927695766692034519,0
1450539725631029531,1
1775138928820746587,0.3319782612740993
1761032860324212733,0.7798364698302763
1965677983458573723,0
68767277,0
99012687,0.5369138743583138
61686437,0.1468135319945935
106832827,0
86060771,0
29062929,0.35837082687409755
2087495270964236553,0.5831365923924544
41106333,0.7535327259176077
1442412922986787637,0
63261081,0.3794445335155161
1826309227515947431,0.5913723280388471
1724047910601778699,0.6149549295694068
88252531,0
1712601668776805929,0.5023743947992525
1418507992410290313,0.4893898695543549
1403356772059921197,0.7406059332352521
1805649444166693267,0.1862617292369102
68089649,0.21192779452333102
1439217245058346773,0.8956552008762383
7740921,0.8874194652298457
1734965831978284627,0
1712119552287068209,0.9010232398906503
2064013288051534089,0
2047977685643384225,0.4234850894028351
2034796840155448197,0.12828620239716093
1479138080938978789,0.6330229378356829
30333399,0.7410652545664087
1140863463479544751,0
101282027,1
2036330054660140603,0
5461103,0.138884278682823
1216206132632861519,0.1517222496778489
101052533,1
1710357037874167387,0
16546535,0.4866687271722459
1998369832916074403,0.13064854303643034
1534453971908916443,0.4560051225152401
1764751127182143371,0.39818952376024125
105007983,0.12005046675076826
12945133,0
1764968142939189199,0.9917642643536073
1351942941495309671,0.6808597097209266
39457163,0.8874194652298457
22915739,0.8927875042442576
81982247,0.7535327259176077
1887423637015125911,0.9526225494459128
65792219,1
1971011777655968287,0.9526225494459128
51880897,0.008235735646392654
73825801,0
1657134581839621185,0.008235735646392654
97254819,0.8531864680054065
1318228227288425983,0.8058090174513193
5748849,0.6890954453673193
105479001,0
46466107,0.18135301155365482
1930378740731427621,0.008235735646392654
1302976267122687827,0
1688683571793444115,0
106976615,0.21192779452333102
2048355569709901259,0
24306095,0.8531864680054065
61630751,0.8186469884463452
1828037494095301191,0
1916982296405993419,1
1829335119468044229,0.5847506462435575
1779812506068743755,0.38232392804848425
3240073,0.38504507043059316
21943375,0.9917642643536073
76811875,0.46308612564168616
103004607,0.2326310015209226
1327548466900573461,0.22049472646134938
101356135,0.4549969442451653
1788661188924071745,0.8268827240927379
2011658824402468249,0.07368119446675588
1255251004554681367,0.6761686526849637
1546580759802422095,0.6751604744148889
1483208483784165625,0
1165109081425160025,0.6205554664844839
1506020459294709519,0
79684667,0.6761686526849637
101238783,0.17701781532044272
98031633,0
101780119,0.4976256052007475
100984489,0.26686399874536176
1467932814606180721,0.8449507323590139
21371005,0.5291374600430777
77760905,0.7068322573419695
24042439,0.8717137976028391
1936074172520252821,0.17701781532044272
2050454951981612791,0.7722777161623328
1530954258647365775,0.14635421066343693
106654647,0.9263188055332441
2090373282565610389,0.7153991892799879
1665554651216003759,0
73671563,0
61078179,0
82617761,0.8058090174513193
38316911,0
1491803885660844715,0
2031003821464953447,1
90535753,0
104374425,0.17701781532044272
2050450653425029083,0
37883793,1
79795445,0.7071634536335952
1419989734654517893,0.21948654819127456
1511741797494345079,0.9443868137995202
43247669,0.2277222838376672
1357996299252171009,0.07267301619668105
1965599291430534373,0.6679329170385712
1496992017568814883,0.5357591418383673
7035845,0
1421659989143336445,0.5942517225718152
1892461424856797213,0.38232392804848425
41668033,0.7331360012546383
1178434380748852363,0.8799495332492318
1272500128128925639,0.6176760719515157
1823417415346959047,0.15458994630982958
86830239,0.5050955371813615
450505,0.5554412039557464
1743543221589618837,0.8482777503221511
1658090696999231789,0.46424085816163274
1329391673743594571,0.3636500442011799
2049925514348154689,0
71022497,0.9263188055332441
1528002884501837509,0.8874194652298457
73182925,0.9917642643536073
2081591124488843451,0.5291374600430777
47564159,0.8927875042442576
1371156293049087491,0.8058090174513193
1358078653973494513,0.5369138743583138
1722125883736940761,0.559341743368927
1429101115940094021,0.9273269838033189
82162541,0.9736962560873313
1889617085698343211,0.8693514569635696
1884555499463897023,0.34257633755976136
1932238872386067889,0
1942024801716746187,0
63669313,0.3971813454901664
41971077,0.1468135319945935
1763912052723071651,0.6094403363051231
1832117337673708291,0.15458994630982958
7906521,0.07368119446675588
1550365063044483091,0.7488416688816448
84829227,0.9526225494459128
1213559570966853823,0.07267301619668105
1429234845027651779,0.5847506462435575
1424893923120656983,1
28231289,0.008235735646392654
1926267096043304235,0.8454100536901704
76262577,0.1862617292369102
1977236114048842859,0.7225379249689762
42351209,0.10721249575574239
70512591,0.788072205476669
1968044062003980951,0.03453947955906132
2017641326506297505,0.9736962560873313
1737260571894610037,0.21948654819127456
92820393,0.4061187770720117
1014911,0.8482777503221511
1189547445248869799,0.5942517225718152
1491817075621356849,0.7410652545664087
1339701803308620761,0.25893474543359124
83284869,0.6330229378356829
79744249,0.6024874582182079
43844319,0.9190912481569263
1823369781629032825,0.7617684615640004
1656719653005124271,0
101832137,1
1149399240931905341,0
107703963,0.7617684615640004
1905668358814220513,0.10434479912376167
1500233073906420643,0
1912732982877977019,0
1998604820813439769,0.5942517225718152
1411415494881018767,0.7071634536335952
1981034598954590019,0.38232392804848425
49378149,0.9263188055332441
97966045,0.48130068815783394
1581414827681394911,0.40574827742818476
1865105900750184083,1
7392233,0.22439526587452993
1430681442117957779,0.21155729487950406
1777257453594194805,0.4234850894028351
34340327,0.008235735646392654
105257275,0.7459739722496641
81872643,0.9917642643536073
101449061,0.22439526587452993
100394289,0.5104635761957734
1988447373437341533,0.36651774083316063
68390727,1
1701722323589812785,0.7617684615640004
2079772809165604465,0.4708625399569223
1510075643757448201,0.3319782612740993
1493964592403833115,1
106895649,1
1460590278462308969,0.6679329170385712
16197815,1
1172907035593716915,0.7071634536335952
1491401709842623769,0.9273269838033189
1662629643063603157,0.2033215592331114
1544995688231242879,0
107178055,0
94006537,0.563676939602139
100694777,0.4626268043105296
1098217223950481363,0.7617684615640004
84231025,0.2985357816724424
1785847534846076661,0.693228482681165
2026508708567958727,0.8229821846795573
99776105,0.07267301619668105
96934325,0.7535327259176077
2052101923076037351,0.21192779452333102
103076855,0.5286781387119212
1565449223630100087,0.518699311842166
95486153,1
34920811,0
91157795,0.03453947955906132
25175943,0
87065591,0.7249002656082456
63971807,0.3330752612315037
1443188313107849387,0.3587413265179245
1119272426660392013,0.2846008107200121
101794801,0
98317671,0.6094403363051231
76320699,0.25115833111835517
1373311227163842475,0.8799495332492318
78962869,0.8927875042442576
2012729464914001655,0.9917642643536073
1637625618974453965,0.8531864680054065
2065508031054274343,0.6176760719515157
72190273,0
39894629,0.3669770621643172
1161100095668657357,0
1268472496033438697,0.7673689984790774
53685975,0
1545797343626728059,0.4297013786025714
1330285514375069531,0
1609397605287589359,0.2382315384359997
1610370739276987297,1
1899788249665772539,0
1810107399522147065,0.26686399874536176
1743814344363685355,0.13064854303643034
1771687847935298329,0.518699311842166
1511499989901390411,0.055613186200479864
1297076782003526911,0.8874194652298457
77629259,0.9736962560873313
1242179513552462571,0.44455879604425363
20142669,0.7406059332352521
69805447,0.22016353016972368
1529338895414613347,0
1403972218111012541,0.35081207320615404
53566579,0
1931934430396011255,0.22049472646134938
1804206099436790025,0
1946344010540914335,0.6761686526849637
1562055583476387655,0.10434479912376167
1304629282474053847,0.6680217387259008
108007071,0.6149549295694068
74182737,0.5050955371813615
39724693,0.04737745055408721
1274395306693987459,0.5106101304456452
53001467,1
2048066682297132439,0.38995378811384857
102428073,0.9443868137995202
35781473,0.22439526587452993
1128392292832509953,0
105131323,0.8229821846795573
1684400434099033815,1
1449350967338097297,0.43242252098468037
68162405,1
108582007,0.8058090174513193
28332361,0.2856089889900869
1777682670391320215,0
1642438154807222515,0.138884278682823
81642901,0.8874194652298457
96206857,0.8956552008762383
76323285,0.6890954453673193
2065078742983612829,0.7014642183275577
1153624953280455127,0.9654605204409387
1394851240026968509,0.559341743368927
1136167816757181035,0.25893474543359124
104816429,0.2382315384359997
108050751,0.8186469884463452
1883182968918653691,0.5129724710849146
85873405,0.07267301619668105
1814612546208251537,0.8536457893365631
1385370372815587939,0.3587413265179245
1416272641582433093,0
1701841863635329301,0.8454100536901704
1292911049172857557,0
1656504891542769391,0
1581360256976897225,0.563676939602139
1787015446017084257,0
80625315,0.5702986213974286
83953497,0.7722777161623328
50729391,0.10434479912376167
99467139,0.41435451271840434
102444869,0.5702986213974286
1691597726923135035,0.41435451271840434
1997074467986495947,1
1998310946173997547,0
99466555,0.08191693011314853
1243207110030146055,0.5685856572853945
59412677,0
2009805806543003007,0.44065825663107305
1831717836955341715,0.5450030557548348
1875258552822584163,0.21948654819127456
66843863,0.5942517225718152
1924722811875387241,0
74600313,0.6176760719515157
90000633,0.2928365463664047
2027851468771835523,0.9273269838033189
103238291,0
1248959549985964121,0.788072205476669
1168212939934839197,0.788442705120496
81899625,0
1973046686365015329,0.48702752891508544
1865632946660167917,1
1552645492288142485,0.13064854303643034
90482945,0.5291374600430777
50904321,0
1705842208950424371,0
13057163,0
47098733,0.7410652545664087
1336634556859839305,0.17701781532044272
85133385,0.4549969442451653
83104681,0.2593052450774182
2010662279794737747,0.3330752612315037
93517413,0.2382315384359997
1389447058656578687,0.9917642643536073
1613269732641270407,0.47132186128807885
66941995,0.7805134518087254
1810091038981453061,0
42564017,0.22016353016972368
1994394502119954075,0.8186469884463452
2027847678371653963,1
2064117312350219299,0
103594589,0.641717994813232
12749657,0.4976256052007475
1591361657289206939,0.4866687271722459
1216505082949102981,0
76755633,0.22439526587452993
1717548220376992579,0
1436577561684636185,0.9736962560873313
13346019,0.8454100536901704
91912797,0.5133312728277541
96495623,1
85924767,0.4086276719611529
1124790906398353043,0.008235735646392654
1867941977509275579,0.39328080607698584
1937935717325274853,0.9273269838033189
107081999,0.7617684615640004
69202405,0
1869262164686027989,0.6412586734820754
1603024170213555085,0.22049472646134938
99825093,0.7068322573419695
106122849,1
1642280580785722519,0
107429785,0.788442705120496
1329128138321248875,0.21192779452333102
34930223,0.4626268043105296
1918004774931556225,0
88749895,0.6498649087722951
81957697,0.5369138743583138
1895162538052620715,0
107062219,0.18135301155365482
99743979,0.8531864680054065
69501367,0
1325890520459553941,0.2931677426580304
47537153,0.25893474543359124
2008998651294642653,0
1209274369024827989,0.5286781387119212
96608471,0.9654605204409387
4610337,0.2382315384359997
18975661,0.77560473412547
1449263973922623699,0.5603499216390018
1878518596657581039,0
99008271,0.3319782612740993
13433287,0.6412586734820754
1108307989573329053,0
1707198789332099307,0.8874194652298457
1302639257936558669,0.5291374600430777
108312707,0.7410652545664087
62658449,0.4708625399569223
2036325814749445409,0.9736962560873313
1497504689842894383,0.07267301619668105
92862567,1
1752621071114951005,0.5831365923924544
77164229,0.008235735646392654
1659794692662999095,0.3014034783044231
86973031,0.07267301619668105
1173663933102403053,0.9736962560873313
38824413,0.5620628857510359
1524381260129418549,0.48953642380422663
1239117943892103787,0.48130068815783394
1459255436277722633,0.17311727590726217
66906235,0.02630374391266867
37408951,0
1202770233825136843,0.14635421066343693
1902803789830526025,0.43141434271460555
1298953717822153169,0.138884278682823
1241601081261201131,0.12005046675076826
1804021252937622037,0.9263188055332441
1708964755218183121,0.7249002656082456
1626364580396571253,0.5942517225718152
99137449,0.07368119446675588
1837909383106569209,0
17560863,0
1891325141638540809,0.9917642643536073
1333345423028718377,0.9736962560873313
1658102090491367077,0
1826992801062996695,0.20242671819507335
108335597,0
1166795529750601571,0.5942517225718152
1158215821837906399,0.7617684615640004
2078888423866988489,0.9180830698868515
101399951,0
99976433,0.18135301155365482
1942386844297937059,0.07368119446675588
1084011,0.8927875042442576
25429305,0.8693514569635696
83569321,0
1884620270042757323,0
1304078007756333395,0.48702752891508544
1413993245717151161,0.15504926764098614
53008491,0.7975732818049266
1474825083038432953,0.576514910597165
1933224925509240403,0.693228482681165
2017663937183430273,0.8454100536901704
96543577,0.10434479912376167
1411563565494677789,0.7542097078960568
40721641,0
1505895176320700661,0.8229821846795573
1704843564013456861,0.5702986213974286
1196826244094422881,0.17701781532044272
1950354240187140717,0.10434479912376167
1429823852036980469,0.8454100536901704
1755314807175986455,0.07368119446675588
13057611,0.4708625399569223
1739187177830057647,1
1313335719443003291,0.008235735646392654
10234857,1
1468070128703495679,0
1866710684809005723,0
1292494016118049367,0
1303131002140145523,1
43095825,0.4086276719611529
87325483,0
81059989,0
106940271,0
101265277,0.2033215592331114
1821795152660432889,0.04737745055408721
1814675228476722875,0.008235735646392654
1817649723042839005,0.7331360012546383
30265183,0.5603499216390018
1784235436415675591,0.9736962560873313
106950285,0.46308612564168616
83800811,0.25893474543359124
102396225,0.9273269838033189
13057541,0.008235735646392654
1410796983338884045,0.6808597097209266
99828099,0.5133312728277541
1789549865766033443,0.21192779452333102
1182950062098208745,0.6574236624402386
81880919,0
1959357882277893449,0.22016353016972368
1745167308450586199,0.02630374391266867
101517567,0.5938812229279883
85177323,0
1920317934377914553,0
1848407302848477351,0.02630374391266867
1681774938828004893,0.9654605204409387
1685633164986431285,0.8482777503221511
1858440037539889935,0.03453947955906132
108330633,1
59983481,0.39328080607698584
1886961913303181679,0.5685856572853945
77111913,0
1991418086366112679,0
56217441,0.07267301619668105
2079773764086523481,0.8799495332492318
2075029294544412205,1
2039429172219373905,0.5942517225718152
54453267,0.6176760719515157
2083226911535538965,0.9010232398906503
188777,0
1326259612584767399,1
77686645,0.9917642643536073
36662917,0.9443868137995202
88290793,0.02630374391266867
92232173,0
1403973809306275981,0.04737745055408721
5358789,0.3402139969204919
1953997229537027315,0
1513728258735086935,0.7061552753635204
1732058484667448429,0.08191693011314853
1427227632876481247,0.02630374391266867
1764996498648292401,0.9917642643536073
1169462897047487881,0.9526225494459128
101612327,0.11258053477015433
1341390803861589935,1
57554847,0
2051137523346409531,0.563676939602139
46291919,0.38232392804848425
32287279,1
89331065,1
1494269252274081133,0.8531864680054065
1130569671642260113,0.7805134518087254
1146373442979650725,0
1110296200435657299,0.40574827742818476
99294461,1
1306131005578680527,1
76181819,0
1934634865521218865,0.8449507323590139
1784507969382684385,0.008235735646392654
1712739320609630459,0.2277222838376672
1439187650337005359,0.7535327259176077
2044256114971408905,0.3014034783044231
1252466245425897241,0.7143910110099131
1727382438194859697,0.9736962560873313
1945868108953921271,0.9917642643536073
1179875396302483969,0
1255095734250429531,0
2047597556835190845,0.641717994813232
2037090792588862331,0.07267301619668105
1582196590748434217,0.9917642643536073
64490563,0.38232392804848425
108050377,0.39751254178179213
1775902779782212837,0
1442137099081673549,0.21192779452333102
2064108337022422367,0.7673689984790774
2061132968474431525,1
1773860949432253179,0
99142703,0.9526225494459128
49503023,0.8482777503221511
1282688177618889253,0.11258053477015433
54456283,0
1639358709633970355,0.8531864680054065
106793151,0.698596521695577
83821735,0.9273269838033189
1901265883212759579,0.08090875184307371
1251112033465689561,0.38232392804848425
72473695,0.576514910597165
77405197,1
1179884449640341171,0.08090875184307371
1237670806863933943,0.6334822591668394
2030657724035234439,0.07267301619668105
1864092402678796939,0
2052037639967841157,0.9736962560873313
1443090754416578177,0
69949945,0.8531864680054065
97762733,0.45771808662727426
1923231492901848683,0
26833455,0.10721249575574239
15151031,0.9190912481569263
54332511,0.8693514569635696
1834551337269775903,0.8147464490331646
85905013,0.21948654819127456
1290610209794048561,0.9526225494459128
1436332449769936967,0
1469703196768865061,0.21192779452333102
1826982901295858027,0.6669247387684963
1595790980968119213,0.6176760719515157
1975860100738577657,0.6808597097209266
1764258478751997065,0
81405431,0.693228482681165
83642521,0.5106101304456452
82036275,0.3712087978691234
1729435313861490499,0.2846008107200121
1932487638516842729,0.18135301155365482
1775769156274758897,0.44065825663107305
1250498474144822535,0.008235735646392654
106112151,0
1826978989905823765,0
1351118024449157261,0.10434479912376167
1982629953696827225,0.4976256052007475
26414929,0.34257633755976136
98811835,0.008235735646392654
2037111642995421305,0.6597860030795081
107124273,0.3794445335155161
57895907,0
43420693,0.8717137976028391
1884147113805784499,1
1484297243636835849,0.6597860030795081
96484871,0.8717137976028391
1756209787174240989,0.5023743947992525
2050455151348022045,0.5340461777263331
46934379,0
36145133,0
1939536425540841521,0.4626268043105296
72161341,1
1144957887734534213,0.26686399874536176
1411717116686482523,0.5439948774847599
1475654634601466847,0.8219740064094825
37852331,0.02630374391266867
88615047,0.4152493537564424
91031039,0.6205554664844839
79861207,0.5291374600430777
73825015,0.21192779452333102
1775739135021491145,0.4626268043105296
1170543062364066831,0
1947187375928757495,0.1862617292369102
1878397072376249405,0.7966784407668887
1116429502248319609,0.3712087978691234
16302799,0.3014034783044231
1339219370639428231,0
75140783,0
1937858209569001601,0.3162725936470927
38484291,0
1933288016072949737,0.3905596636948769
1095120611032217753,0.8956552008762383
1704248770170920677,0.7535327259176077
105041679,0
1766274805176300735,0.008235735646392654
40997503,0.8229821846795573
1469631525105442255,0.7493009902128014
1726117,0.7798364698302763
104700969,0.9180830698868515
61582941,0.08090875184307371
1398830332178281259,0.6761686526849637
2065036533768404873,0.5369138743583138
21097275,0.9917642643536073
2039241321358443581,0.38894560984377374
1786820335787410147,0.8186469884463452
2078497815505118555,0
1515711263095725469,0.4866687271722459
1331798045410846701,0.9526225494459128
83820463,0.7331360012546383
1100265550617940917,0.2928365463664047
98438229,0.2931677426580304
79935975,0
13514073,0.9736962560873313
1907407849047783281,0.2593940667647478
85925077,0.6837274063529073
83686255,0.3320670829614289
1857609164538860411,0.40574827742818476
2081941379875300285,0
2050810110238116223,0.8927875042442576
2050453533837296657,0.25893474543359124
98145835,0
1384151986418655299,0
2050453018571880663,0.4297013786025714
1511520648735317993,0.8058090174513193
1734787454887098497,0.693228482681165
1933974669739814469,0
1897615045142254795,0.9273269838033189
88407223,0.7798364698302763
95724061,0.8693514569635696
79578977,0.6176760719515157
63302719,0.5104635761957734
1276372424416939177,0.07267301619668105
1469821142151585939,0
88866003,0.21192779452333102
70754665,0.3636500442011799
1317808078164881127,0.1468135319945935
16545817,1
79207963,0.5373731956894704
93767195,0.5439948774847599
71462631,0.24646727408239233
1181538047823096511,0
22512883,0.38232392804848425
1634832729021313673,0.6094403363051231
98750749,0.9736962560873313
1804284241176283659,0
1814876806265846401,0.8229821846795573
1467974646512745049,0.698596521695577
2041003149703645653,0.8186469884463452
71334489,0.5133312728277541
105860393,0.9443868137995202
65642091,0.9526225494459128
103778281,0
1992759774547623729,0.7542097078960568
97052817,0
79538085,0.40574827742818476
2009375777593960261,0.3971813454901664
1997277338612864993,0.8147464490331646
97701963,0.8137382707630898
1313316892043944315,0.7324590192761892
1238351880428183895,0.9190912481569263
1621289160461520519,0.39818952376024125
1676251311316044087,0.641717994813232
50370121,0.24646727408239233
39102919,0.8454100536901704
1680855737012497243,0.9736962560873313
95061405,0.788442705120496
1511181872438924069,0
50477017,0
102462309,0
78501561,0
2049763488854120181,0.10434479912376167
99825257,0.2326310015209226
1767205729740485785,0
24191133,0
1736958657713633289,0.788072205476669
1192865499442041357,0.788072205476669
1402305217902754389,0.7324590192761892
1833546309840011187,0.8219740064094825
105784479,1
1175075164602787051,0.17701781532044272
97914465,0
1331835098246136791,0.39818952376024125
66753315,0.8536457893365631
1812865088529470415,0.7406059332352521
1850823897616955387,0.5913723280388471
1497343015091397945,0.3191402902790734
1434515534517956285,0.9736962560873313
106725111,0.5439948774847599
49391379,1
2058320459725070899,0.48702752891508544
105801227,0.21948654819127456
1936726655583580747,0.9010232398906503
88426067,0
57424941,0.2846008107200121
1258057089861868043,0.2931677426580304
1966730660416986473,1
78180363,0.5212082067313072
68274409,0.2593052450774182
1471825330258819535,0.2750997343917544
107346635,0.8531864680054065
31098047,1
1907330653862471789,0
30999961,0
1531740826671771147,1
107501987,0.055613186200479864
27596759,0.21155729487950406
1672997900623919125,0.47132186128807885
78056773,0.9263188055332441
44116543,0.35837082687409755
1498898110143078381,0.9526225494459128
95676869,0.5106101304456452
88945639,0.788072205476669
1951612750792437591,0.7673689984790774
1989915328073152829,0.8186469884463452
1859705,0
105156677,0.2326310015209226
1872771752674988287,0.5620628857510359
1911544414233264099,0.21192779452333102
1964480576091728551,0.5831365923924544
1558880242794186749,0.12005046675076826
95830519,0.12005046675076826
1918780010446455011,0.5938812229279883
59415719,0
69571131,0.07368119446675588
56520479,0.46424085816163274
53277335,0
1280721265654335463,0.5422819133727258
1256870036236634787,0.21192779452333102
1802746432937984447,0.8137382707630898
1329160676555925193,0.15995798532424155
100882355,1
85408359,0
100616969,0.38894560984377374
104616335,0.5450030557548348
41359853,0.6754916707065146
96223967,0.5450030557548348
1395145,0.8400420146757585
1342030109145514191,0.46424085816163274
2023475874917429755,0
1105894073809974649,0
1307624601861897427,0.17701781532044272
1867994243931585181,0.7014642183275577
95483639,0.6094403363051231
1554992583494492927,0
13988457,0.22439526587452993
105542257,0.518699311842166
1367513015719675069,0.8137382707630898
104843225,0
43003155,0.02630374391266867
1771012369309838391,0.38894560984377374
1815781604861699729,0
79887633,0.306771517318835
58205997,0.36651774083316063
105223071,0.9654605204409387
4792557,0.18135301155365482
2081252046687147083,0
2052446265244559961,0.1517222496778489
97255241,0.7805134518087254
45586089,0
102664803,0.2846008107200121
1624443693673989875,0.008235735646392654
1481017377951278685,0
1835371257754006255,1
36689885,0.8799495332492318
79718557,0
91737297,0.38232392804848425
54672233,0
1337454329937767977,0.12005046675076826
1672241563234465379,0
2033939467169361177,0.6680217387259008
1888248526012909431,0.5367673201084421
107534693,0.8693514569635696
1491969817204516353,0.35837082687409755
2064123997857947019,0.41435451271840434
95074213,1
70692889,0.3794445335155161
1412176071794936565,0
1300321406625893207,0
103820587,0.04737745055408721
34877681,0.8717137976028391
1826082189056112875,1
88327261,0
104931881,0.8531864680054065
1670133295354514619,0.8268827240927379
86844551,0.7488416688816448
94057741,0
12726533,0.7712695378922579
102863461,0.5439948774847599
81851711,0.15458994630982958
100520463,0.9917642643536073
1244675251123271963,0.008235735646392654
2008528078439362713,0.1468135319945935
103631229,0
2036327946416918741,0
1554103785780759741,0.5831365923924544
88252583,0
107860271,0.6808597097209266
99542973,0.8799495332492318
1560503646630029901,1
1451545675985902799,0.8454100536901704
1768954177095963577,0.1862617292369102
15619937,0.8454100536901704
74215797,0.6110543901562262
40455815,0.22439526587452993
42181157,0.055613186200479864
1945920283494228139,0.8454100536901704
1786599379278607903,0.39818952376024125
1160762903033216183,0.5023743947992525
93633243,0.48702752891508544
1804547624885021503,0.7459739722496641
1743408269330609219,0.8454100536901704
1971289975007363115,0.2593940667647478
30928591,0.3712087978691234
2049932785840615943,0.77560473412547
74917205,0.8449507323590139
75503923,0.40574827742818476
70568347,0.3014034783044231
44798957,0.7493009902128014
1929899281829298917,0.8454100536901704
36015595,0.04737745055408721
1472538040789213113,0.03453947955906132
79743915,0.8268827240927379
